obs, time, Delta, Theta, Alpha1, Alpha2, Beta1, Beta2, Gamma1, Gamma2, Attention, Meditation, Derived, totPwr, class 
1, 3.0, 12114, 2050, 1921, 2958, 1649, 3051, 6444, 1364, NA, NA, NA, 31551,  X*
2, 4.0, 240238, 53821, 1108, 2580, 1986, 4083, 8117, 2257, NA, NA, NA, 314190,  X*
3, 5.0, 2606, 5855, 14248, 5457, 7282, 7994, 3903, 1914, NA, NA, NA, 49259,  X*
4, 6.0, 251328, 27832, 7156, 21522, 5014, 25048, 9319, 10561, 51, 48, NA, 357780,  X*
5, 7.0, 1083572, 109494, 56774, 24242, 29575, 35499, 27492, 13905, 54, 56, NA, 1380553,  X*
6, 8.0, 329205, 83135, 18309, 10861, 1661, 9736, 7093, 1438, 50, 61, NA, 461438,  X*
7, 9.0, 54768, 18771, 30041, 30831, 8066, 20734, 15842, 5193, 56, 77, NA, 184246,  X*
8, 10.0, 718911, 420218, 34301, 12869, 11289, 21363, 9801, 9721, 30, 64, NA, 1238473,  X*
9, 11.0, 813919, 77112, 66534, 38904, 12728, 17600, 13122, 18777, 23, 69, NA, 1058696,  X*
10, 12.0, 84006, 5177, 1158, 2331, 1988, 995, 2056, 315, 26, 70, NA, 98026,  X*
11, 13.1, 55534, 54395, 48875, 116172, 8843, 10714, 8586, 8673, 8, 77, NA, 311792,  X*
12, 14.0, 933781, 334738, 156596, 21417, 19883, 4295, 9589, 4842, 1, 88, NA, 1485141,  X*
13, 15.0, 20430, 8364, 22510, 40802, 9088, 11068, 9901, 3167, 11, 96, NA, 125330,  X*
14, 16.0, 15048, 12342, 27251, 46788, 12280, 9619, 8934, 3530, 17, 100, NA, 135792,  X*
15, 17.0, 14043, 62109, 54355, 42773, 4464, 6052, 3730, 2187, 24, 100, NA, 189713,  X*
16, 18.0, 98602, 65238, 14399, 3843, 18473, 7836, 11344, 3526, 44, 97, NA, 223261,  X*
17, 19.0, 1658647, 76707, 36476, 33035, 8077, 35857, 26733, 6855, 50, 87, NA, 1882387,  X*
18, 20.0, 535039, 59882, 11724, 69627, 14441, 25992, 27453, 10949, 53, 78, NA, 755107,  X*
19, 21.0, 236030, 38794, 13251, 8371, 35917, 18143, 8262, 3524, 70, 64, NA, 362292,  X*
20, 22.0, 15909, 17868, 6621, 9130, 21577, 30061, 15968, 1357, 90, 66, NA, 118491,  X*
21, 23.0, 111588, 63590, 12121, 3933, 11894, 19766, 15937, 5630, 90, 56, NA, 244459,  X*
22, 24.0, 44739, 7314, 2810, 5037, 4619, 2448, 4673, 853, 90, 53, NA, 72493,  X*
23, 25.0, 10897, 14943, 3151, 8271, 28285, 29063, 15926, 6531, 100, 51, NA, 117067,  X*
24, 26.0, 693625, 535146, 77111, 29000, 28329, 55269, 17776, 12924, 81, 48, NA, 1449180,  X*
25, 27.0, 12269, 43367, 17961, 29417, 16665, 38366, 22861, 6719, 87, 54, NA, 187625,  X*
26, 28.0, 139073, 4187, 1042, 3197, 2501, 3164, 2629, 536, 93, 54, NA, 156329,  X*
27, 29.0, 1415304, 79850, 29506, 31342, 12783, 20959, 14726, 7365, 75, 63, NA, 1611835,  X*
28, 30.0, 7369, 33453, 11373, 12350, 27907, 19105, 11008, 12108, 87, 67, NA, 134673,  X*
29, 31.0, 8158, 30956, 23555, 13361, 14143, 29955, 11280, 7393, 87, 69, NA, 138801,  X*
30, 32.0, 8668, 54108, 19084, 13297, 20784, 41037, 14113, 9350, 90, 64, NA, 180441,  X*
31, 33.0, 107409, 22373, 4714, 4834, 3788, 3536, 6601, 2047, 87, 61, NA, 155302,  X*
32, 34.0, 1087929, 82379, 27695, 14845, 30577, 44803, 29583, 8677, 87, 60, NA, 1326488,  X*
33, 35.0, 15883, 11734, 13483, 6781, 5848, 15972, 16153, 6268, 88, 61, NA, 92122,  X*
34, 36.0, 468801, 201006, 55531, 29817, 16091, 26259, 22528, 13795, 74, 63, NA, 833828,  X*
35, 37.0, 86421, 29601, 3782, 1211, 4134, 5422, 7468, 2465, 77, 54, NA, 140504,  X*
36, 38.0, 991343, 57709, 41849, 4132, 9441, 20595, 35345, 5722, 70, 61, NA, 1166136,  X*
37, 39.0, 6360, 36803, 16145, 12278, 10577, 8659, 37988, 9967, 61, 60, NA, 138777,  X*
38, 40.0, 10513, 15958, 12314, 11992, 25367, 33728, 31067, 16421, 81, 60, NA, 157360,  X*
39, 41.0, 42678, 66066, 15800, 16089, 11033, 16474, 23034, 11253, 83, 67, NA, 202427,  X*
40, 42.0, 3690, 41960, 13862, 13310, 10674, 25914, 17714, 11598, 88, 64, NA, 138722,  X*
41, 43.0, 519759, 24390, 40180, 7795, 28456, 29546, 24546, 12028, 97, 64, NA, 686700,  X*
42, 44.0, 1660698, 45911, 24587, 42174, 7242, 33127, 24232, 13188, 88, 74, NA, 1851159,  X*
43, 45.0, 529124, 104929, 33175, 13510, 12561, 23592, 21303, 16996, 87, 70, NA, 755190,  X*
44, 46.0, 344795, 44799, 4530, 19184, 5592, 9689, 12475, 6984, 78, 74, NA, 448048,  X*
45, 47.0, 17661, 40047, 27436, 1591, 16198, 51007, 22625, 10449, 83, 67, NA, 187014,  X*
46, 48.0, 5915, 12429, 41755, 32948, 19512, 15984, 12917, 10222, 78, 74, NA, 151682,  X*
47, 49.0, 72404, 13900, 3000, 4578, 8833, 8703, 11962, 2275, 88, 69, NA, 125655,  X*
48, 50.0, 16626, 41304, 14740, 13514, 12917, 33638, 20356, 11216, 97, 67, NA, 164311,  X*
49, 51.0, 4193, 32819, 45849, 16055, 10487, 24988, 27796, 11672, 90, 78, NA, 173859,  X*
50, 52.0, 57865, 21133, 1789, 3427, 2320, 4773, 7638, 1344, 90, 61, NA, 100289,  X*
51, 53.0, 276188, 21641, 20337, 9233, 33495, 18655, 26314, 5724, 90, 64, NA, 411587,  X*
52, 54.0, 3899, 103492, 2405, 2702, 18636, 25649, 23221, 4423, 83, 47, NA, 184427,  X*
53, 55.0, 4471, 18581, 12150, 8926, 12084, 30500, 14480, 10093, 91, 38, NA, 111285,  X*
54, 56.0, 97262, 12031, 3968, 2540, 6095, 9698, 10163, 2538, 100, 40, NA, 144295,  X*
55, 57.0, 5636, 28455, 12279, 24512, 13598, 23828, 13348, 3303, 97, 43, NA, 124959,  X*
56, 58.0, 25783, 123016, 54331, 10792, 49530, 26407, 13183, 19743, 94, 61, NA, 322785,  X*
57, 59.0, 1891999, 394694, 63529, 11081, 18180, 37985, 17868, 45661, 75, 56, NA, 2480997,  X*
58, 60.0, 88493, 29521, 3635, 7523, 3299, 5394, 21122, 3400, 64, 56, NA, 162387,  X*
59, 61.0, 1969227, 111019, 28347, 61326, 16241, 21377, 26623, 9715, 53, 57, NA, 2243875,  X*
60, 62.0, 16071, 55328, 22187, 18838, 11834, 25285, 42986, 21314, 60, 60, NA, 213843,  X*
61, 63.0, 55318, 98271, 10454, 9597, 5158, 36174, 30546, 5409, 70, 57, NA, 250927,  X*
62, 64.0, 82937, 16303, 10588, 2301, 1500, 6426, 8726, 3903, 75, 63, NA, 132684,  X*
63, 65.0, 200698, 40006, 10973, 27456, 11820, 23118, 28071, 5875, 83, 63, NA, 348017,  X*
64, 66.0, 351216, 93080, 25335, 3553, 23727, 38233, 22770, 6739, 84, 56, NA, 564653,  X*
65, 67.0, 133271, 24014, 3459, 4257, 4573, 10125, 3686, 3293, 84, 60, NA, 186678,  X*
66, 68.0, 6117, 29105, 29219, 20371, 8911, 26464, 17408, 16991, 90, 63, NA, 154586,  X*
67, 69.0, 383880, 111919, 19318, 20875, 24330, 29082, 13005, 3796, 84, 56, NA, 606205,  X*
68, 70.0, 166727, 66635, 4993, 2410, 9384, 4683, 4263, 2709, 70, 51, NA, 261804,  X*
69, 71.0, 16742, 41708, 13670, 22641, 21811, 19525, 14434, 12601, 69, 56, NA, 163132,  X*
70, 72.0, 4942, 27903, 3270, 2380, 3343, 9808, 8985, 2398, 67, 43, NA, 63029,  X*
71, 73.0, 86282, 54677, 7506, 8728, 3146, 4886, 1516, 1061, 57, 43, NA, 167802,  X*
72, 74.0, 696791, 15737, 10893, 5419, 7017, 8914, 4487, 900, 70, 56, NA, 750158,  X*
73, 75.0, 1156810, 38418, 54074, 16839, 25023, 20082, 20559, 19695, 67, 61, NA, 1351500,  X*
74, 76.0, 163721, 44632, 9980, 2991, 10141, 15237, 18296, 8072, 67, 64, NA, 273070,  X*
75, 77.0, 71383, 13905, 2133, 2043, 2982, 4527, 5584, 3393, 78, 63, NA, 105950,  X*
76, 78.0, 18532, 29023, 22145, 3813, 10977, 28823, 10322, 11349, 84, 60, NA, 134984,  X*
77, 79.0, 443368, 42270, 22342, 7010, 21790, 25058, 22720, 4610, 90, 53, NA, 589168,  X*
78, 80.0, 471555, 277901, 43443, 10774, 19431, 15453, 18873, 4368, 77, 53, NA, 861798,  X*
79, 81.0, 16217, 6956, 10246, 7428, 11787, 37668, 7918, 4829, 90, 56, NA, 103049,  X*
80, 82.0, 61741, 31646, 6609, 8672, 5748, 6565, 3251, 2796, 77, 56, NA, 127028,  X*
81, 83.0, 146201, 41382, 13582, 21125, 20107, 24278, 26533, 10561, 74, 57, NA, 303769,  X*
82, 84.0, 34491, 39283, 22336, 36958, 10080, 79051, 15069, 3715, 93, 64, NA, 240983,  X*
83, 85.0, 6897, 23792, 19109, 4814, 3939, 26104, 18279, 6068, 84, 66, NA, 109002,  X*
84, 86.0, 6488, 18756, 25137, 18581, 23378, 21406, 13259, 4935, 93, 70, NA, 131940,  X*
85, 87.0, 412588, 33751, 1451, 10857, 8010, 22490, 18085, 2030, 96, 66, NA, 509262,  X*
86, 88.0, 2600, 8163, 20332, 7571, 13205, 23864, 10640, 11736, 94, 67, NA, 98111,  X*
87, 89.0, 103676, 32061, 23024, 12262, 16653, 19692, 19227, 3256, 88, 69, NA, 229851,  X*
88, 90.0, 227484, 91855, 23832, 30018, 27472, 19891, 20468, 10147, 81, 64, NA, 451167,  X*
89, 91.0, 463066, 10078, 4100, 35344, 31266, 23485, 15182, 3580, 81, 74, NA, 586101,  X*
90, 92.0, 825909, 162971, 55551, 26209, 6909, 13769, 18474, 3740, 61, 69, NA, 1113532,  X*
91, 93.0, 339928, 170985, 12680, 14036, 18684, 22565, 8173, 4240, 54, 60, NA, 591291,  X*
92, 94.0, 1328071, 12996, 15540, 13233, 7370, 2567, 2418, 3466, 50, 67, NA, 1385661,  X*
93, 95.0, 103747, 16485, 6328, 14037, 3217, 1918, 1732, 2769, 30, 70, NA, 150233,  X*
94, 96.0, 152026, 16067, 8664, 28366, 4742, 2088, 2111, 3466, 29, 83, NA, 217530,  X*
95, 97.0, 534626, 29965, 9524, 148448, 7792, 14098, 4848, 2621, 26, 100, NA, 751922,  X*
96, 98.0, 400403, 34750, 25322, 74203, 11831, 14204, 16276, 6096, 29, 100, NA, 583085,  X*
97, 99.0, 689938, 26414, 11278, 42537, 25120, 23855, 21928, 10909, 43, 100, NA, 851979,  X*
98, 100.0, 727021, 255221, 26620, 20809, 12438, 15604, 21189, 5301, 44, 88, NA, 1084203,  X*
99, 101.0, 8148, 27449, 5198, 17245, 11690, 19793, 16149, 4752, 57, 70, NA, 110424,  X*
100, 102.0, 62886, 12114, 5650, 2420, 4698, 5347, 3386, 1722, 66, 60, NA, 98223,  X*
101, 103.0, 85119, 32860, 54035, 22912, 6108, 27907, 16862, 1011, 64, 63, NA, 246814,  X*
102, 104.0, 150087, 56102, 61203, 37793, 12740, 33266, 19277, 4571, 77, 78, NA, 375039,  X*
103, 105.0, 104766, 30874, 24653, 29948, 14674, 15213, 15110, 4270, 70, 84, NA, 239508,  X*
104, 106.0, 78161, 166487, 58772, 72585, 15419, 23240, 10248, 2979, 60, 90, NA, 427891,  X*
105, 107.0, 153644, 60358, 39334, 20807, 7185, 31262, 10691, 2954, 61, 84, NA, 326235,  X*
106, 108.0, 3885, 65359, 8052, 24971, 17129, 15562, 10057, 5325, 57, 78, NA, 150340,  X*
107, 109.0, 439449, 79197, 5067, 9097, 16226, 44420, 10388, 3611, 64, 60, NA, 607455,  X*
108, 110.0, 146665, 4651, 1887, 2415, 435, 1174, 278, 598, 69, 60, NA, 158103,  X*
109, 111.0, 350200, 233567, 15053, 19478, 14042, 11861, 8582, 2605, 54, 48, NA, 655388,  X*
110, 112.0, 20594, 37937, 34256, 12048, 14502, 26694, 9714, 5674, 61, 51, NA, 161419,  X*
111, 113.0, 1849049, 280982, 86756, 59299, 15922, 14106, 11469, 4265, 40, 63, NA, 2321848,  X*
112, 114.0, 10180, 104126, 72176, 74712, 4925, 24224, 5858, 5573, 37, 66, NA, 301774,  X*
113, 115.0, 22196, 32232, 32779, 169837, 19779, 15160, 9113, 4635, 40, 90, NA, 305731,  X*
114, 116.0, 389912, 43603, 27107, 44073, 17852, 13216, 8645, 1982, 30, 94, NA, 546390,  X*
115, 117.0, 71099, 19068, 26329, 10868, 938, 2553, 2161, 2270, 34, 100, NA, 135286,  X*
116, 118.0, 25305, 22101, 51832, 120067, 10163, 9565, 21178, 2306, 29, 100, NA, 262517,  X*
117, 119.0, 25769, 22046, 55558, 131814, 21828, 11417, 13235, 2865, 27, 100, NA, 284532,  X*
118, 120.0, 205825, 9117, 9820, 12056, 1196, 1513, 2260, 890, 21, 100, NA, 242677,  X*
119, 121.0, 40450, 77501, 19062, 11579, 11449, 12356, 10258, 4750, 29, 100, NA, 187405,  X*
120, 122.0, 31626, 24402, 14514, 7734, 8097, 29111, 7868, 11746, 50, 84, NA, 135098,  X*
121, 123.0, 35696, 6259, 12864, 6559, 8078, 20090, 7037, 1567, 69, 69, NA, 98150,  X*
122, 124.0, 21413, 67947, 71078, 23953, 16353, 13429, 11260, 3453, 77, 66, NA, 228886,  X*
123, 125.0, 9651, 29789, 36016, 17368, 18544, 14622, 6883, 9569, 80, 74, NA, 142442,  X*
124, 126.0, 2820646, 154163, 10396, 32761, 10717, 21864, 22691, 5149, 64, 70, NA, 3078387,  X*
125, 127.0, 25557, 40120, 47604, 19580, 4227, 5343, 31830, 4982, 43, 78, NA, 179243,  X*
126, 128.0, 98328, 15767, 2331, 1665, 556, 1413, 538, 336, 41, 66, NA, 120934,  X*
127, 129.0, 173501, 724968, 27387, 52592, 32687, 19362, 34251, 6388, 24, 51, NA, 1071136,  X*
128, 130.0, 911347, 64304, 12879, 5817, 10040, 18429, 21002, 2857, 29, 50, NA, 1046675,  X*
129, 131.0, 600088, 116286, 12931, 35801, 17311, 26050, 24392, 23871, 40, 38, NA, 856730,  X*
130, 132.0, 681460, 165846, 33992, 25059, 49761, 24577, 24454, 13910, 43, 40, NA, 1019059,  X*
131, 133.0, 987639, 47668, 8702, 8524, 8653, 4727, 1782, 1100, 51, 47, NA, 1068795,  X*
132, 134.0, 26410, 17326, 60089, 48080, 23889, 21253, 12215, 18069, 50, 63, NA, 227331,  X*
133, 135.0, 36245, 126772, 32598, 183437, 23722, 10802, 10467, 8755, 38, 75, NA, 432798,  X*
134, 136.0, 20801, 20440, 21168, 104911, 7121, 7960, 7618, 1955, 30, 96, NA, 191974,  X*
135, 137.0, 25278, 82533, 78191, 4542, 17116, 7514, 11807, 1120, 27, 100, NA, 228101,  X*
136, 138.0, 54359, 121177, 65039, 39845, 5094, 9880, 13703, 4240, 16, 96, NA, 313337,  X*
137, 139.0, 23023, 25826, 11969, 75199, 18178, 10802, 6426, 1652, 26, 97, NA, 173075,  X*
138, 140.0, 11349, 35152, 7584, 106382, 23418, 4924, 5000, 5649, 21, 91, NA, 199458,  X*
139, 141.0, 10020, 35273, 68910, 19822, 9620, 18037, 1798, 6612, 29, 94, NA, 170092,  X*
140, 142.0, 11621, 25295, 4843, 105193, 9714, 9709, 2610, 5601, 35, 100, NA, 174586,  X*
141, 143.0, 8990, 15426, 5631, 51400, 2881, 4391, 3175, 3191, 30, 100, NA, 95085,  X*
142, 144.0, 7101, 40434, 50408, 67109, 9186, 12680, 5945, 4296, 38, 100, NA, 197159,  X*
143, 145.0, 11492, 27723, 33549, 95721, 10362, 6419, 4195, 1245, 27, 100, NA, 190706,  X*
144, 146.0, 6677, 7982, 41250, 58840, 9230, 13972, 3724, 3856, 34, 100, NA, 145531,  X*
145, 147.0, 6803, 13202, 27192, 55668, 4151, 12625, 3948, 687, 40, 100, NA, 124276,  X*
146, 148.0, 117217, 25021, 20466, 27164, 1845, 1254, 928, 283, 26, 100, NA, 194178,  X*
147, 149.0, 24112, 16032, 39750, 7682, 3438, 4977, 5995, 2374, 30, 100, NA, 104360,  X*
148, 150.0, 5749, 98636, 46092, 104049, 6925, 4211, 3039, 1218, 16, 100, NA, 269919,  X*
149, 151.0, 20494, 39866, 94770, 35919, 10241, 6191, 3324, 2578, 4, 100, NA, 213383,  X*
150, 152.0, 5598, 10774, 28323, 21782, 5756, 5487, 9208, 795, 17, 100, NA, 87723,  X*
151, 153.0, 15944, 13251, 105023, 72137, 8684, 9710, 3562, 2478, 16, 100, NA, 230789,  X*
152, 154.0, 8823, 64252, 22068, 135625, 4341, 8176, 1819, 913, 23, 100, NA, 246017,  X*
153, 155.0, 1256627, 105492, 174728, 132709, 4186, 5340, 1252, 2633, 14, 100, NA, 1682967,  X*
154, 156.0, 5506, 27552, 32467, 62560, 5664, 6766, 4895, 694, 10, 100, NA, 146104,  X*
155, 157.0, 7372, 16502, 412498, 14891, 8213, 4094, 3453, 2479, 1, 100, NA, 469502,  X*
156, 158.0, 1272102, 132335, 37885, 10696, 2472, 3678, 1372, 4690, 1, 97, NA, 1465230,  X*
157, 159.0, 6055, 21288, 20864, 42137, 3377, 8217, 2782, 1872, 8, 90, NA, 106592,  X*
158, 160.0, 27604, 33825, 196733, 77716, 8121, 5636, 4166, 1579, 1, 91, NA, 355380,  X*
159, 161.0, 1820, 36463, 33700, 143728, 9915, 10778, 5555, 1731, 13, 81, NA, 243690,  X*
160, 162.0, 3876, 10196, 100596, 6277, 17146, 7662, 7339, 3015, 21, 94, NA, 156107,  X*
161, 163.0, 3787, 29239, 60469, 50284, 9250, 10109, 9571, 1621, 17, 96, NA, 174330,  X*
162, 164.0, 28875, 76942, 38469, 25805, 6841, 5897, 3645, 1080, 24, 83, NA, 187554,  X*
163, 165.0, 24825, 42803, 56961, 20462, 6931, 5821, 4790, 2939, 24, 78, NA, 165532,  X*
164, 166.0, 74741, 8840, 115169, 122827, 4447, 12909, 2309, 5195, 23, 87, NA, 346437,  X*
165, 167.0, 238314, 99497, 45759, 31191, 10727, 9944, 2741, 4268, 21, 78, NA, 442441,  X*
166, 168.0, 56961, 27007, 1169, 1458, 2935, 2192, 3860, 669, 26, 63, NA, 96251,  X*
167, 169.0, 54426, 16399, 7467, 27646, 7733, 8457, 8878, 3920, 38, 61, NA, 134926,  X*
168, 170.0, 39879, 35896, 130253, 162914, 8420, 11155, 5197, 1439, 35, 57, NA, 395153,  X*
169, 171.0, 28705, 51365, 51383, 164793, 20386, 4989, 7620, 2396, 24, 67, NA, 331637,  X*
170, 172.0, 13630, 9901, 56440, 126313, 7476, 6033, 2494, 980, 16, 96, NA, 223267,  X*
171, 173.0, 10026, 38228, 272522, 168943, 11108, 7310, 2229, 2830, 1, 100, NA, 513196,  X*
172, 174.0, 598482, 56806, 28688, 133780, 11035, 6462, 3182, 1789, 1, 100, NA, 840224,  X*
173, 175.0, 2416, 7576, 26782, 38859, 12174, 9759, 7296, 1613, 14, 100, NA, 106475,  X*
174, 176.0, 4760, 50027, 43008, 30181, 5315, 7763, 6676, 450, 20, 90, NA, 148180,  X*
175, 177.0, 17047, 107717, 89071, 107050, 7599, 3890, 5323, 2753, 17, 80, NA, 340450,  X*
176, 178.0, 303381, 38322, 19953, 10094, 2923, 1590, 1189, 458, 16, 74, NA, 377910,  X*
177, 179.0, 5325, 54939, 187035, 19629, 19054, 12496, 8048, 2058, 7, 74, NA, 308584,  X*
178, 180.0, 4573, 86023, 130564, 30409, 10837, 4742, 2650, 712, 1, 75, NA, 270510,  X*
179, 181.0, 6695, 19503, 55773, 21010, 4709, 7667, 6309, 1439, 11, 78, NA, 123105,  X
180, 182.0, 5490, 77604, 61977, 50835, 2445, 4459, 1266, 2580, 13, 81, NA, 206656,  X
181, 183.0, 103928, 10631, 10754, 22085, 2305, 2889, 1646, 462, 16, 81, NA, 154700,  X
182, 184.0, 22674, 24476, 71368, 11850, 4068, 7467, 4870, 1325, 26, 83, NA, 148098,  X
183, 185.0, 10556, 39418, 205593, 44124, 7270, 8360, 6835, 1450, 17, 88, NA, 323606,  X
184, 186.0, 8903, 30268, 123077, 109869, 5241, 13775, 3341, 1623, 24, 96, NA, 296097,  X
185, 187.0, 9010, 15687, 35652, 44293, 8488, 5122, 3380, 2394, 23, 97, NA, 124026,  X
186, 188.0, 6085, 43365, 33414, 30792, 8795, 5044, 3999, 1137, 20, 93, NA, 132631,  X
187, 189.0, 7096, 37688, 31131, 39339, 3013, 8322, 2807, 1998, 26, 87, NA, 131394,  X
188, 190.0, 5741, 6886, 75807, 34156, 9177, 10424, 3838, 1309, 30, 84, NA, 147338,  X
189, 191.0, 4478, 15121, 106893, 31170, 4137, 8218, 1226, 1447, 30, 90, NA, 172690,  X
190, 192.0, 25667, 31516, 23938, 15642, 4960, 6553, 3172, 1613, 38, 88, NA, 113061,  X
191, 193.0, 14992, 20977, 6237, 36901, 5177, 5985, 3850, 821, 38, 87, NA, 94940,  X
192, 194.0, 52612, 6821, 31045, 37216, 4200, 4759, 1265, 794, 37, 87, NA, 138712,  X
193, 195.0, 366439, 224537, 105334, 26873, 16780, 6145, 3611, 1474, 26, 74, NA, 751193,  X
194, 196.0, 9085, 10468, 18870, 3593, 2805, 4340, 2456, 1513, 29, 75, NA, 53130,  X
195, 197.0, 16882, 13876, 128337, 80600, 9154, 9852, 6390, 2293, 23, 83, NA, 267384,  X
196, 198.0, 190872, 4850, 26895, 5526, 3669, 3279, 2536, 2470, 26, 81, NA, 240097,  X
197, 199.0, 801491, 68495, 26972, 26027, 9520, 11710, 8716, 8667, 40, 81, NA, 961598,  X
198, 200.0, 748641, 130346, 27709, 67737, 15075, 32598, 18588, 15987, 41, 77, NA, 1056681,  X
199, 201.0, 1524335, 84000, 11312, 73105, 7363, 16107, 15930, 2957, 48, 63, NA, 1735109,  X
200, 202.0, 1887414, 251673, 43381, 43227, 21977, 28172, 29733, 22780, 50, 48, NA, 2328357,  X
201, 203.0, 166079, 14866, 1936, 16654, 15459, 4767, 2361, 2295, 53, 48, NA, 224417,  X
202, 204.0, 27945, 79805, 49906, 75088, 15373, 17247, 11960, 8003, 50, 53, NA, 285327,  X
203, 205.0, 18835, 28293, 83852, 22538, 5412, 8190, 7088, 2138, 44, 60, NA, 176346,  X
204, 206.0, 94892, 25632, 5375, 9745, 1709, 2077, 1205, 831, 41, 64, NA, 141466,  X
205, 207.0, 124108, 18766, 21516, 38200, 2677, 1620, 1663, 431, 24, 75, NA, 208981,  X
206, 208.0, 25351, 33802, 68692, 17126, 7525, 13062, 9167, 3595, 26, 77, NA, 178320,  X
207, 209.0, 23008, 34186, 69786, 37448, 13277, 5006, 5961, 1521, 21, 77, NA, 190193,  X
208, 210.0, 5505, 8951, 172779, 40645, 10758, 7735, 6254, 2880, 17, 93, NA, 255507,  X
209, 211.0, 27251, 12875, 140171, 28106, 10149, 10455, 6172, 2609, 27, 96, NA, 237788,  X
210, 212.0, 488459, 34670, 34268, 50112, 15740, 9013, 7370, 4698, 24, 96, NA, 644330,  X
211, 213.0, 7938, 28133, 77181, 22691, 12581, 9623, 3886, 2819, 30, 96, NA, 164852,  X
212, 214.0, 1461424, 49657, 329367, 122616, 91523, 62037, 56735, 35712, 41, 88, NA, 2209071,  X
213, 215.0, 890264, 86447, 5573, 2044, 6936, 4994, 7787, 6162, 41, 61, NA, 1010207,  X
214, 216.0, 874736, 181229, 10830, 14032, 4320, 11283, 14808, 15430, 38, 47, NA, 1126668,  X
215, 217.0, 1248947, 408648, 153461, 33219, 54432, 40786, 43038, 25908, 38, 35, NA, 2008439,  X
216, 218.0, 2971762, 325184, 85018, 36520, 17382, 36127, 20302, 47947, 34, 23, NA, 3540242,  X
217, 219.0, 1604829, 558020, 42100, 23240, 14384, 41255, 34163, 18684, 37, 24, NA, 2336675,  X
218, 220.0, 1722698, 123640, 57980, 24530, 41063, 31273, 27979, 23246, 44, 34, NA, 2052409,  X
219, 221.0, 624800, 63725, 6154, 12887, 5603, 15102, 6124, 6626, 53, 29, NA, 741021,  X
220, 222.0, 352290, 173931, 44586, 14986, 9538, 15305, 12503, 7925, 51, 29, NA, 631064,  X
221, 223.0, 933636, 378030, 84067, 32235, 19387, 37235, 51140, 19106, 51, 37, NA, 1554836,  X
222, 224.0, 690126, 194628, 12787, 12339, 8239, 6882, 7272, 9622, 38, 27, NA, 941895,  X
223, 225.0, 733108, 231339, 116296, 55916, 39187, 22998, 32577, 17814, 27, 34, NA, 1249235,  X
224, 226.0, 190114, 213028, 84552, 43652, 6574, 14306, 17886, 6072, 24, 37, NA, 576184,  X
225, 227.0, 633213, 90086, 19259, 8526, 7691, 10879, 3237, 3412, 26, 37, NA, 776303,  X
226, 228.0, 656690, 80533, 49215, 55953, 26532, 7656, 16653, 9099, 27, 48, NA, 902331,  X
227, 229.0, 34763, 24519, 49479, 242877, 4848, 5200, 4115, 3779, 17, 64, NA, 369580,  X
228, 230.0, 352992, 52383, 44428, 95330, 11021, 5781, 6989, 2053, 16, 74, NA, 570977,  X
229, 231.0, 113924, 14974, 6896, 69111, 2074, 1817, 1158, 782, 3, 91, NA, 210736,  X
230, 232.0, 7961, 9803, 157688, 96480, 7735, 7610, 3928, 3119, 1, 100, NA, 294324,  X
231, 233.0, 5068, 11940, 40012, 81232, 12466, 6230, 3197, 1127, 7, 100, NA, 161272,  X
232, 234.0, 6495, 29620, 29616, 236891, 5933, 10832, 5797, 3256, 8, 100, NA, 328440,  X
233, 235.0, 10061, 59584, 148105, 51600, 2605, 5152, 3899, 4777, 8, 100, NA, 285783,  X
234, 236.0, 1182, 10892, 25965, 42670, 10255, 4203, 2200, 1302, 14, 100, NA, 98669,  X
235, 237.0, 3810, 75581, 22332, 36175, 7473, 8248, 6205, 4318, 17, 88, NA, 164142,  X
236, 238.0, 1898, 9823, 113611, 23380, 4792, 10603, 11193, 3071, 24, 87, NA, 178371,  X
237, 239.0, 609777, 52604, 222752, 172414, 3040, 6667, 3757, 3131, 23, 91, NA, 1074142,  X
238, 240.0, 3904, 11459, 76226, 112318, 6140, 7144, 1807, 1683, 17, 97, NA, 220681,  X
239, 241.0, 40129, 16812, 22171, 158576, 7619, 3597, 6105, 3024, 8, 100, NA, 258033,  X
240, 242.0, 10400, 32743, 31753, 34094, 5161, 3205, 3914, 1076, 1, 100, NA, 122346,  X
241, 243.0, 12183, 30157, 44625, 84085, 6590, 8878, 5069, 5165, 11, 100, NA, 196752,  X
242, 244.0, 518493, 17479, 102452, 200886, 8103, 4695, 2790, 4761, 4, 100, NA, 859659,  X
243, 245.0, 984, 42197, 12624, 81630, 11427, 5425, 4388, 2367, 10, 93, NA, 161042,  X
244, 246.0, 149215, 80009, 13551, 224284, 6917, 8053, 5256, 1682, 10, 96, NA, 488967,  X
245, 247.0, 16200, 19445, 13458, 46413, 10082, 9699, 8267, 1120, 16, 93, NA, 124684,  X
246, 248.0, 19112, 8347, 21816, 19624, 13710, 7627, 4509, 1824, 38, 80, NA, 96569,  X
247, 249.0, 208189, 107764, 56236, 73191, 7002, 9801, 5960, 1856, 38, 77, NA, 469999,  X
248, 250.0, 15047, 67909, 45502, 36651, 8775, 5669, 4586, 3999, 41, 70, NA, 188138,  X
249, 251.0, 4208, 33867, 34063, 109175, 5022, 9194, 1453, 3624, 34, 75, NA, 200606,  X
250, 252.0, 28778, 29629, 95792, 22794, 5476, 12227, 5101, 3921, 27, 80, NA, 203718,  X
251, 253.0, 8786, 10659, 36455, 33769, 2004, 10036, 1110, 1768, 38, 87, NA, 104587,  X
252, 254.0, 4639, 35961, 19851, 33980, 6787, 9591, 5428, 2066, 48, 87, NA, 118303,  X
253, 255.0, 2329, 7288, 230061, 4393, 9894, 7768, 5784, 3103, 43, 93, NA, 270620,  X
254, 256.0, 214478, 112612, 92718, 41370, 7417, 5095, 6309, 1782, 30, 88, NA, 481781,  X
255, 257.0, 8828, 54950, 55938, 89545, 6505, 3471, 4791, 1128, 13, 84, NA, 225156,  X
256, 258.0, 23977, 34179, 119154, 93164, 7200, 4126, 1282, 5090, 1, 93, NA, 288172,  X
257, 259.0, 566856, 96156, 13485, 5306, 15959, 7194, 7772, 7290, 1, 67, NA, 720018,  X
258, 260.0, 116318, 116089, 36124, 16766, 47721, 7994, 18607, 19664, 10, 57, NA, 379283,  X
259, 261.0, 435247, 62434, 24628, 20918, 12460, 11343, 9199, 3949, 26, 50, NA, 580178,  X
260, 262.0, 190588, 112293, 12157, 17395, 4344, 4956, 4821, 752, 34, 30, NA, 347306,  X
261, 263.0, 2099412, 58102, 25951, 80119, 32981, 16644, 7613, 9324, 38, 43, NA, 2330146,  X
262, 264.0, 66440, 59622, 30942, 22837, 6530, 10706, 5483, 7825, 43, 48, NA, 210385,  X
263, 265.0, 94868, 94793, 4871, 4963, 2043, 2365, 4091, 743, 29, 37, NA, 208737,  X
264, 266.0, 10791, 30805, 7862, 32532, 28853, 7252, 4535, 1988, 40, 41, NA, 124618,  X
265, 267.0, 1216344, 387705, 4507, 50881, 21064, 21273, 10945, 9833, 34, 29, NA, 1722552,  X
266, 268.0, 738559, 102315, 32987, 10489, 12876, 5599, 5634, 1717, 24, 24, NA, 910176,  X
267, 269.0, 1500702, 116002, 23627, 25461, 13719, 24719, 9917, 4525, 41, 34, NA, 1718672,  X
268, 270.0, 1635325, 479637, 177133, 55912, 64757, 26073, 12951, 9208, 34, 30, NA, 2460996,  X
269, 271.0, 136759, 52779, 6588, 1980, 8804, 9379, 7213, 2747, 43, 30, NA, 226249,  X
270, 272.0, 1312273, 266032, 63842, 30115, 32848, 31513, 15204, 26238, 51, 29, NA, 1778065,  X
271, 273.0, 1979502, 31180, 16040, 8447, 15149, 6123, 6395, 3342, 48, 30, NA, 2066178,  X
272, 274.0, 139502, 166991, 18477, 7462, 53241, 21192, 12250, 3165, 57, 23, NA, 422280,  X
273, 275.0, 83180, 50595, 6429, 9550, 10255, 4294, 2087, 644, 50, 27, NA, 167034,  X
274, 276.0, 156864, 21629, 17256, 18745, 8061, 9232, 5491, 2816, 54, 35, NA, 240094,  X
275, 277.0, 1676981, 295399, 79637, 48213, 54415, 12991, 11072, 16309, 43, 34, NA, 2195017,  X
276, 278.0, 545178, 131665, 45100, 34081, 11382, 9394, 12112, 3231, 37, 43, NA, 792143,  X
277, 279.0, 290437, 94259, 11968, 71003, 6045, 11852, 11367, 3768, 37, 50, NA, 500699,  X
278, 280.0, 150988, 7319, 4004, 2794, 1056, 728, 393, 198, 26, 50, NA, 167480,  X
279, 281.0, 15585, 20746, 1869, 5146, 3431, 2835, 1366, 1109, 38, 48, NA, 52087,  X
280, 282.0, 1385842, 59297, 15697, 3381, 11033, 10064, 10345, 10415, 47, 43, NA, 1506074,  X
281, 283.0, 1227711, 56723, 6134, 11599, 4665, 2705, 1819, 999, 40, 37, NA, 1312355,  X
282, 284.0, 24661, 39195, 4078, 6453, 6037, 7134, 4873, 2545, 48, 27, NA, 94976,  X
283, 285.0, 280804, 18556, 11938, 6228, 4466, 1477, 1076, 715, 40, 35, NA, 325260,  X
284, 286.0, 1420447, 23679, 27789, 17599, 9065, 11602, 6221, 2275, 41, 44, NA, 1518677,  X
285, 287.0, 246999, 54815, 5809, 13033, 5372, 8060, 1283, 723, 53, 44, NA, 336094,  X
286, 288.0, 62137, 34135, 23038, 8807, 5190, 14064, 4497, 3924, 56, 51, NA, 155792,  X
287, 289.0, 61940, 15901, 17791, 12258, 6802, 11592, 8427, 5340, 70, 53, NA, 140051,  X
288, 290.0, 144628, 27408, 12160, 4460, 3679, 1546, 5075, 1262, 60, 48, NA, 200218,  X
289, 291.0, 138737, 64363, 17121, 10895, 11126, 13462, 2043, 1337, 61, 50, NA, 259084,  X
290, 292.0, 1992828, 125421, 60391, 15781, 10922, 10385, 5610, 9114, 50, 50, NA, 2230452,  X
291, 293.0, 54665, 20008, 22173, 12954, 14487, 7135, 4571, 4073, 43, 50, NA, 140066,  X
292, 294.0, 525331, 274088, 79669, 6069, 27850, 8496, 4831, 3509, 41, 44, NA, 929843,  X
293, 295.0, 105553, 70785, 17209, 7374, 8454, 3013, 1983, 2556, 26, 43, NA, 216927,  X
294, 296.0, 95896, 85220, 10150, 11670, 13264, 9228, 10098, 3999, 30, 37, NA, 239525,  X
295, 297.0, 32395, 89755, 37269, 39960, 17790, 10106, 9953, 2749, 24, 35, NA, 239977,  X
296, 298.0, 57586, 41920, 22385, 2173, 6265, 3451, 1826, 778, 29, 40, NA, 136384,  X
297, 299.0, 1089881, 69073, 31858, 18842, 4950, 6502, 4166, 1527, 35, 44, NA, 1226799,  X
298, 300.0, 1279203, 150181, 30713, 26420, 25924, 6968, 3087, 2057, 26, 47, NA, 1524553,  X
299, 301.0, 151201, 13867, 5178, 2335, 2020, 1492, 2373, 1078, 27, 43, NA, 179544,  X
300, 302.0, 230112, 31083, 1411, 5182, 4967, 3088, 1564, 317, 30, 35, NA, 277724,  X
301, 303.0, 92125, 7458, 7366, 1288, 2955, 2127, 2007, 1531, 41, 37, NA, 116857,  X
302, 304.0, 432250, 30895, 33350, 34592, 12722, 17257, 7339, 1126, 54, 47, NA, 569531,  X
303, 305.0, 234878, 131031, 90057, 37463, 10491, 9898, 3093, 2758, 50, 51, NA, 519669,  X
304, 306.0, 174266, 5690, 2932, 5489, 2308, 3640, 1806, 354, 61, 63, NA, 196485,  X
305, 307.0, 9789, 42029, 8932, 3075, 5519, 7614, 8096, 2053, 61, 54, NA, 87107,  X
306, 308.0, 37269, 7445, 14073, 38630, 11496, 16123, 10040, 3148, 64, 56, NA, 138224,  X
307, 309.0, 10286, 19079, 18515, 10658, 5162, 4750, 3766, 1965, 75, 57, NA, 74181,  X
308, 310.0, 21590, 34846, 31747, 12229, 9071, 9859, 3316, 4851, 66, 57, NA, 127509,  X
309, 311.0, 29934, 39854, 31021, 24297, 10752, 8611, 3003, 1277, 63, 67, NA, 148749,  X
310, 312.0, 20118, 54315, 16396, 24871, 12576, 4931, 6023, 1744, 48, 61, NA, 140974,  X
311, 313.0, 22565, 36440, 12477, 5821, 2743, 11063, 3662, 1437, 54, 54, NA, 96208,  X
312, 314.0, 255973, 117293, 57902, 8826, 23227, 12885, 5232, 2262, 48, 51, NA, 483600,  X
313, 315.0, 12824, 66754, 29511, 63545, 10151, 5045, 767, 1215, 38, 51, NA, 189812,  X
314, 316.0, 9273, 16885, 33397, 10087, 8014, 10843, 3016, 4639, 50, 56, NA, 96154,  X
315, 317.0, 13988, 29900, 21427, 18935, 6973, 13602, 1462, 2775, 50, 61, NA, 109062,  X
316, 318.0, 640772, 174594, 27551, 23498, 14902, 7874, 5551, 1865, 44, 57, NA, 896607,  X
317, 319.0, 186852, 198109, 14970, 14444, 17598, 10186, 11762, 3999, 48, 43, NA, 457920,  X
318, 320.0, 346527, 72219, 6947, 39487, 11890, 14264, 13245, 1570, 43, 37, NA, 506149,  X
319, 321.0, 96743, 55000, 2070, 2820, 1298, 2855, 815, 848, 30, 21, NA, 162449,  X
320, 322.0, 845430, 21746, 8325, 5191, 877, 919, 664, 150, 27, 27, NA, 883302,  X
321, 323.0, 185411, 48647, 3856, 1604, 3636, 1407, 1265, 579, 23, 24, NA, 246405,  X
322, 324.0, 263127, 18629, 6469, 6513, 3863, 4929, 539, 955, 26, 24, NA, 305024,  X
323, 325.0, 572794, 508185, 71511, 75162, 40875, 17228, 8848, 3903, 21, 34, NA, 1298506,  X
324, 326.0, 196132, 16670, 5090, 4791, 2640, 2766, 2238, 925, 34, 30, NA, 231252,  X
325, 327.0, 43164, 48179, 15915, 775, 3387, 2654, 5822, 782, 38, 40, NA, 120678,  X
326, 328.0, 38188, 5775, 12333, 8705, 7223, 8450, 5691, 3094, 44, 44, NA, 89459,  X
327, 329.0, 9843, 11675, 42678, 33816, 22669, 5114, 2535, 2964, 50, 57, NA, 131294,  X
328, 330.0, 27061, 23922, 25790, 8025, 6917, 15485, 7489, 2087, 60, 63, NA, 116776,  X
329, 331.0, 12949, 27877, 20299, 27579, 6289, 6253, 16029, 1256, 64, 70, NA, 118531,  X
330, 332.0, 70205, 4127, 3483, 9555, 1724, 1831, 1936, 335, 54, 75, NA, 93196,  X
331, 333.0, 64613, 56110, 23119, 21413, 4960, 3668, 3857, 2910, 51, 66, NA, 180650,  X
332, 334.0, 65386, 16603, 4483, 2534, 1245, 3268, 1706, 902, 44, 61, NA, 96127,  X
333, 335.0, 3219, 8557, 19146, 4715, 2877, 6348, 5880, 2976, 53, 61, NA, 53718,  X
334, 336.0, 46997, 43735, 33955, 4513, 16694, 12104, 18215, 6521, 54, 54, NA, 182734,  X
335, 337.0, 72222, 15624, 2901, 11129, 2956, 3149, 1177, 398, 64, 54, NA, 109556,  X
336, 338.0, 951107, 323937, 31855, 13607, 18572, 28169, 11155, 8380, 60, 48, NA, 1386782,  X
337, 339.0, 253933, 346158, 44452, 106696, 7867, 10959, 4722, 3335, 40, 40, NA, 778122,  X
338, 340.0, 34878, 15098, 13969, 46451, 3406, 8887, 8161, 7512, 38, 50, NA, 138362,  X
339, 341.0, 295381, 37270, 25588, 14131, 8683, 3629, 5783, 1270, 30, 51, NA, 391735,  X
340, 342.0, 328284, 30176, 15776, 7085, 5309, 3860, 3523, 993, 30, 61, NA, 395006,  X
341, 343.0, 83274, 13511, 16758, 1809, 3060, 1155, 3506, 1080, 37, 67, NA, 124153,  X
342, 344.0, 254495, 36287, 17237, 2781, 5806, 2909, 3681, 1061, 29, 56, NA, 324257,  X
343, 345.0, 32536, 56954, 16099, 7302, 4025, 2267, 3117, 787, 24, 51, NA, 123087,  X
344, 346.0, 110787, 8046, 7172, 2464, 5647, 1766, 603, 666, 26, 51, NA, 137151,  X
345, 347.0, 36698, 18076, 17788, 38912, 16489, 5249, 5560, 2949, 30, 53, NA, 141721,  X
346, 348.0, 839157, 839409, 39214, 36249, 156998, 91134, 99656, 40337, 38, 41, NA, 2142154,  X
347, 349.0, 1069355, 336292, 54893, 67808, 59515, 16917, 6022, 6868, 40, 40, NA, 1617670,  X
348, 350.0, 10282, 10337, 22165, 379, 5045, 1013, 1552, 372, 29, 44, NA, 51145,  X
349, 351.0, 21086, 44080, 12271, 14166, 9136, 18531, 3522, 3350, 41, 35, NA, 126142,  X
350, 352.0, 12342, 8911, 12234, 19592, 5013, 12801, 2983, 3934, 51, 54, NA, 77810,  X
351, 353.0, 12061, 23051, 9435, 23778, 11410, 5164, 6213, 2368, 60, 63, NA, 93480,  X
352, 354.0, 222106, 139040, 34356, 8483, 5435, 6213, 4712, 1241, 61, 53, NA, 421586,  X
353, 355.0, 37372, 38374, 28728, 125538, 3196, 8812, 8881, 3663, 47, 67, NA, 254564,  X
354, 356.0, 7506, 15844, 38885, 102495, 14257, 12633, 10631, 8013, 35, 75, NA, 210264,  X
355, 357.0, 205864, 32569, 7673, 28279, 2588, 6812, 4451, 2807, 35, 74, NA, 291043,  X
356, 358.0, 278294, 51444, 17472, 62830, 8239, 9065, 10775, 6335, 40, 83, NA, 444454,  X
357, 359.0, 64417, 13138, 5651, 40082, 9434, 3867, 1586, 425, 43, 80, NA, 138600,  X
358, 360.0, 41741, 57796, 9568, 14620, 5981, 8867, 5678, 1078, 44, 63, NA, 145329,  X
359, 361.0, 47150, 39785, 69291, 100223, 8295, 7240, 2438, 920, 37, 70, NA, 275342,  X
360, 362.0, 36867, 24206, 44124, 113615, 2977, 10718, 4158, 3310, 37, 81, NA, 239975,  X
361, 363.0, 22435, 16868, 13577, 221641, 12492, 10428, 4443, 998, 30, 90, NA, 302882,  X
362, 364.0, 171100, 175572, 39380, 37032, 4113, 5172, 4030, 1770, 16, 91, NA, 438169,  X
363, 365.0, 14770, 6842, 8568, 26456, 9521, 10456, 4322, 2979, 34, 84, NA, 83914,  X
364, 366.0, 3122, 31676, 7920, 86697, 8852, 6752, 3628, 1953, 34, 80, NA, 150600,  X
365, 367.0, 14539, 17803, 16482, 74458, 7339, 7422, 2935, 2525, 38, 75, NA, 143503,  X
366, 368.0, 3753, 45615, 48882, 69888, 11805, 4447, 2763, 2377, 40, 84, NA, 189530,  X
367, 369.0, 8437, 23763, 76445, 43347, 7870, 16592, 8974, 831, 34, 90, NA, 186259,  X
368, 370.0, 271708, 18202, 14787, 42522, 13806, 10700, 3208, 5818, 43, 87, NA, 380751,  X
369, 371.0, 254065, 19968, 4284, 3659, 2801, 2355, 4894, 5857, 44, 70, NA, 297883,  X
370, 372.0, 608380, 59842, 19998, 7604, 2046, 1911, 2932, 1159, 43, 61, NA, 703872,  X
371, 373.0, 657627, 30386, 25001, 13018, 3497, 2414, 2634, 1923, 30, 56, NA, 736500,  X
372, 374.0, 430935, 86956, 40778, 8555, 10667, 4654, 9543, 4344, 20, 50, NA, 596432,  X
373, 375.0, 38360, 39169, 25406, 35186, 12621, 18533, 57806, 7136, 26, 56, NA, 234217,  X
374, 376.0, 1631313, 469674, 60920, 13814, 15924, 19552, 5287, 4027, 29, 50, NA, 2220511,  X
375, 377.0, 9358, 48778, 1202, 57666, 8850, 9686, 10856, 4073, 38, 48, NA, 150469,  X
376, 378.0, 132568, 65264, 12703, 5297, 2613, 3190, 2861, 581, 40, 43, NA, 225077,  X
377, 379.0, 51253, 28997, 12457, 7661, 8934, 8657, 7925, 1705, 40, 38, NA, 127589,  X
378, 380.0, 422947, 22420, 25228, 22568, 2248, 10125, 7571, 1900, 51, 53, NA, 515007,  X
379, 381.0, 21212, 23776, 40354, 218310, 4344, 10585, 3389, 2500, 43, 66, NA, 324470,  X
380, 382.0, 16854, 34556, 25328, 261222, 17806, 4966, 4626, 1686, 37, 88, NA, 367044,  X
381, 383.0, 118397, 9554, 26756, 25162, 4921, 1425, 2027, 1104, 16, 100, NA, 189346,  X
382, 384.0, 661358, 86611, 204389, 138736, 4592, 7624, 3048, 1376, 1, 100, NA, 1107734,  X
383, 385.0, 11060, 29540, 140391, 105024, 5842, 15483, 7353, 3375, 1, 100, NA, 318068,  X
384, 386.0, 4994, 34798, 75736, 110524, 10915, 3178, 4444, 2261, 1, 100, NA, 246850,  X
385, 387.0, 4008, 8836, 34260, 96858, 2728, 12517, 5026, 3601, 13, 100, NA, 167834,  X
386, 388.0, 18770, 12232, 98262, 22679, 15136, 6553, 4079, 2238, 23, 100, NA, 179949,  X
387, 389.0, 1729, 5074, 12522, 25103, 7979, 18043, 4956, 2726, 40, 100, NA, 78132,  X
388, 390.0, 6709, 14578, 22036, 45889, 3922, 4145, 9752, 2820, 51, 97, NA, 109851,  X
389, 391.0, 5276, 11800, 28182, 22035, 3632, 11552, 2893, 2210, 57, 90, NA, 87580,  X
390, 392.0, 10044, 31629, 33671, 122528, 11673, 5509, 2587, 3590, 53, 90, NA, 221231,  X
391, 393.0, 114013, 127262, 87524, 145949, 11509, 8550, 3061, 1852, 27, 91, NA, 499720,  X
392, 394.0, 1650011, 56649, 83856, 159870, 13244, 7300, 2615, 4086, 21, 91, NA, 1977631,  X
393, 395.0, 17531, 38715, 78448, 48685, 18470, 17153, 3408, 1586, 16, 91, NA, 223996,  X
394, 396.0, 181255, 11748, 8393, 42397, 3663, 9289, 798, 1909, 30, 88, NA, 259452,  X
395, 397.0, 486086, 80961, 92025, 61658, 22350, 30540, 3878, 3618, 47, 84, NA, 781116,  X
396, 398.0, 473013, 129724, 99140, 61800, 7117, 14106, 2899, 1851, 53, 77, NA, 789650,  X
397, 399.0, 7932, 10881, 227955, 25279, 3105, 4574, 2980, 1891, 35, 88, NA, 284597,  X
398, 400.0, 26724, 41666, 48873, 25975, 5792, 8503, 1377, 1029, 29, 87, NA, 159939,  X
399, 401.0, 18520, 44105, 74826, 24481, 7619, 8249, 3991, 1312, 23, 88, NA, 183103,  X
400, 402.0, 8500, 20366, 81463, 35744, 17066, 4316, 2586, 1609, 17, 94, NA, 171650,  X
401, 403.0, 10314, 11104, 20770, 113444, 11502, 6428, 4185, 2153, 27, 88, NA, 179900,  X
402, 404.0, 18749, 20555, 65477, 22411, 2734, 5882, 2375, 1260, 24, 93, NA, 139443,  X
403, 405.0, 13093, 9825, 238638, 166576, 13993, 4666, 1999, 1319, 10, 100, NA, 450109,  X
404, 406.0, 482754, 132532, 46653, 64974, 10331, 4869, 5501, 2547, 7, 96, NA, 750161,  X
405, 407.0, 159146, 189849, 10719, 15452, 6671, 7530, 6429, 3053, 4, 70, NA, 398849,  X
406, 408.0, 106395, 18366, 15779, 3032, 1792, 2877, 572, 364, 8, 63, NA, 149177,  X
407, 409.0, 7275, 26086, 33865, 3940, 11752, 5091, 8210, 2239, 23, 44, NA, 98458,  X
408, 410.0, 211121, 44644, 8266, 555, 1823, 1225, 826, 354, 24, 37, NA, 268814,  X
409, 411.0, 5972, 10853, 6761, 11340, 12329, 8398, 1925, 1852, 43, 44, NA, 59430,  X
410, 412.0, 3367, 18068, 25039, 11419, 4233, 5788, 2417, 2725, 47, 48, NA, 73056,  X
411, 413.0, 72120, 28615, 6486, 1829, 1644, 1888, 424, 631, 43, 40, NA, 113637,  X
412, 414.0, 338551, 91228, 48165, 43096, 5957, 11880, 5598, 3549, 51, 50, NA, 548024,  X
413, 415.0, 15593, 25745, 90778, 76228, 5629, 7166, 3698, 3134, 34, 63, NA, 227971,  X
414, 416.0, 16944, 76148, 62206, 108152, 10623, 6012, 1269, 1162, 20, 66, NA, 282516,  X
415, 417.0, 6238, 22572, 51247, 80493, 4039, 8043, 2088, 2674, 20, 83, NA, 177394,  X
416, 418.0, 50105, 24524, 28324, 18004, 2602, 2917, 1158, 779, 16, 87, NA, 128413,  X
417, 419.0, 116578, 25484, 19090, 33817, 636, 1969, 617, 802, 13, 81, NA, 198993,  X
418, 420.0, 1043761, 98132, 71505, 63583, 10581, 4367, 3925, 1427, 11, 80, NA, 1297281,  X
419, 421.0, 26043, 62224, 102428, 17834, 4380, 11759, 1489, 1280, 13, 74, NA, 227437,  X
420, 422.0, 6396, 42169, 62769, 90612, 6459, 10198, 1641, 1124, 16, 77, NA, 221368,  X
421, 423.0, 12697, 70189, 70606, 125349, 8227, 9601, 2170, 2063, 17, 78, NA, 300902,  X
422, 424.0, 7365, 34184, 18144, 130943, 8371, 5868, 6059, 1883, 23, 83, NA, 212817,  X
423, 425.0, 2783, 32819, 12657, 178083, 6480, 9623, 4442, 1385, 20, 90, NA, 248272,  X
424, 426.0, 6840, 47218, 101610, 82707, 6838, 7295, 3260, 1418, 14, 91, NA, 257186,  X
425, 427.0, 12981, 47774, 180235, 20772, 12698, 3801, 2312, 1626, 8, 93, NA, 282199,  X
426, 428.0, 29068, 37060, 72240, 97682, 9183, 8025, 2830, 1697, 10, 93, NA, 257785,  X
427, 429.0, 6069, 8612, 35182, 41179, 4539, 6112, 991, 802, 13, 93, NA, 103486,  X
428, 430.0, 7461, 96644, 22330, 48665, 19920, 6616, 3604, 1531, 14, 81, NA, 206771,  X
429, 431.0, 8023, 36811, 122547, 16005, 11832, 3541, 2060, 3144, 17, 81, NA, 203963,  X
430, 432.0, 5707, 75409, 58336, 83579, 7571, 13673, 3432, 1454, 21, 77, NA, 249161,  X
431, 433.0, 6803, 62399, 178436, 76438, 3527, 16297, 1294, 1135, 20, 75, NA, 346329,  X
432, 434.0, 9367, 22519, 233287, 10520, 10857, 5968, 2328, 2949, 14, 90, NA, 297795,  X
433, 435.0, 85155, 13828, 23624, 18614, 4403, 2164, 358, 409, 20, 88, NA, 148555,  X
434, 436.0, 6564, 61932, 52788, 175824, 8347, 13308, 3068, 1406, 17, 91, NA, 323237,  X
435, 437.0, 7881, 28258, 1954, 58750, 15173, 6934, 5101, 2067, 21, 87, NA, 126118,  X
436, 438.0, 679917, 22707, 41456, 161221, 9008, 8890, 2300, 1422, 27, 84, NA, 926921,  X
437, 439.0, 615906, 68536, 86002, 63515, 6933, 7338, 2309, 2949, 26, 83, NA, 853488,  X
438, 440.0, 18553, 90512, 137021, 139690, 7021, 8834, 5302, 2069, 21, 84, NA, 409002,  X
439, 441.0, 5594, 42529, 118724, 87245, 7498, 7661, 2304, 2064, 11, 91, NA, 273619,  X
440, 442.0, 3648, 7440, 35922, 137949, 12771, 6483, 2747, 2615, 10, 93, NA, 209575,  X
441, 443.0, 10489, 17609, 70910, 25039, 6809, 8502, 2922, 1477, 17, 94, NA, 143757,  X
442, 444.0, 11308, 55226, 32391, 40618, 3914, 5151, 2463, 1215, 23, 90, NA, 152286,  X
443, 445.0, 3079, 25144, 63137, 74250, 5035, 6841, 2049, 1625, 26, 90, NA, 181160,  X
444, 446.0, 6629, 34403, 36612, 17026, 3925, 9518, 5349, 2444, 38, 80, NA, 115906,  X
445, 447.0, 32234, 19570, 83289, 120098, 13135, 4070, 3669, 1764, 26, 84, NA, 277829,  X
446, 448.0, 21762, 35741, 57000, 98615, 6075, 10340, 3163, 3501, 29, 91, NA, 236197,  X
447, 449.0, 17032, 9439, 24921, 104862, 4463, 7110, 4251, 2854, 29, 94, NA, 174932,  X
448, 450.0, 68278, 41798, 24626, 38087, 37463, 5486, 2352, 1652, 23, 91, NA, 219742,  X
449, 451.0, 27576, 135316, 71780, 71401, 9169, 7803, 2071, 1710, 26, 78, NA, 326826,  X
450, 452.0, 905881, 10946, 49865, 54377, 11942, 5498, 1701, 2441, 24, 78, NA, 1042651,  X
451, 453.0, 12304, 89184, 96700, 41842, 5393, 9774, 4612, 722, 23, 67, NA, 260531,  X
452, 454.0, 15794, 13291, 33175, 32740, 4304, 5561, 1412, 1190, 26, 78, NA, 107467,  X
453, 455.0, 13242, 56304, 24083, 194203, 5575, 3904, 2358, 2075, 20, 87, NA, 301744,  X
454, 456.0, 128487, 21460, 65998, 20722, 3018, 3908, 780, 264, 17, 84, NA, 244637,  X
455, 457.0, 59125, 8149, 3126, 9934, 801, 4317, 4032, 1576, 34, 83, NA, 91060,  X
456, 458.0, 35213, 18125, 6102, 5304, 5910, 7851, 7518, 10022, 44, 67, NA, 96045,  X
457, 459.0, 322933, 98847, 4309, 25736, 5087, 14371, 15896, 10370, 64, 51, NA, 497549,  X
458, 460.0, 116630, 35358, 2396, 2944, 2299, 5671, 2614, 6467, 77, 29, NA, 174379,  X
459, 461.0, 134912, 45418, 29470, 25846, 17469, 9227, 13455, 13202, 69, 27, NA, 288999,  X
460, 462.0, 601230, 101387, 34944, 53749, 9617, 20901, 11776, 17956, 61, 30, NA, 851560,  X
461, 463.0, 1970539, 384059, 88577, 42879, 20248, 6106, 8463, 4314, 40, 34, NA, 2525185,  X
462, 464.0, 736795, 132634, 9441, 20512, 9456, 6053, 8702, 2807, 26, 37, NA, 926400,  X
463, 465.0, 1074488, 309488, 24159, 27634, 4609, 24185, 17603, 18752, 23, 24, NA, 1500918,  X
464, 466.0, 414631, 221812, 33637, 11451, 4639, 9308, 11286, 5340, 11, 17, NA, 712104,  X
465, 467.0, 373944, 86431, 1803, 4133, 1960, 5214, 4601, 3728, 27, 7, NA, 481814,  X
466, 468.0, 681877, 164066, 72173, 27464, 5108, 26856, 26416, 17424, 37, 13, NA, 1021384,  X
467, 469.0, 69642, 14084, 3845, 17771, 5696, 4334, 7443, 5116, 43, 24, NA, 127931,  X
468, 470.0, 203603, 117165, 6396, 21777, 2378, 13515, 10877, 3851, 51, 24, NA, 379562,  X
469, 471.0, 242864, 101604, 22754, 13073, 3997, 8606, 9156, 3771, 53, 37, NA, 405825,  X
470, 472.0, 809213, 76698, 38624, 12712, 27178, 18658, 7942, 3778, 56, 35, NA, 994803,  X
471, 473.0, 33507, 15157, 31829, 5426, 9283, 15444, 15326, 7209, 66, 35, NA, 133181,  X
472, 474.0, 14146, 46426, 7686, 21316, 8399, 8895, 20866, 6524, 67, 41, NA, 134258,  X
473, 475.0, 12343, 41555, 1593, 14144, 16097, 8895, 7688, 7938, 77, 38, NA, 110253,  X
474, 476.0, 6785, 35805, 34122, 19614, 5563, 5997, 7556, 4495, 69, 47, NA, 119937,  X
475, 477.0, 15291, 5131, 45430, 18621, 3825, 11223, 6598, 1769, 61, 54, NA, 107888,  X
476, 478.0, 656639, 22667, 42349, 37538, 5680, 14836, 6796, 2864, 64, 64, NA, 789369,  X
477, 479.0, 337586, 9994, 9081, 3701, 2629, 5218, 1734, 2878, 67, 70, NA, 372821,  X
478, 480.0, 949249, 22489, 15515, 8696, 4951, 13290, 10964, 5211, 80, 66, NA, 1030365,  X
479, 481.0, 20027, 4674, 50575, 5143, 8001, 6478, 27221, 2713, 77, 66, NA, 124832,  X
480, 482.0, 26671, 37374, 53924, 10387, 8836, 7954, 8647, 4041, 70, 63, NA, 157834,  X
481, 483.0, 56941, 30457, 13413, 4626, 4732, 2607, 3747, 2164, 57, 60, NA, 118687,  X
482, 484.0, 508751, 116960, 13672, 9006, 10093, 6695, 13991, 6983, 43, 51, NA, 686151,  X
483, 485.0, 82234, 66066, 22894, 20191, 15255, 12128, 4639, 1941, 43, 38, NA, 225348,  X
484, 486.0, 460329, 17271, 5641, 3046, 3013, 1153, 1357, 561, 38, 30, NA, 492371,  X
485, 487.0, 37134, 44365, 14772, 9308, 3145, 5823, 3260, 1475, 41, 29, NA, 119282,  X
486, 488.0, 572773, 278757, 43266, 29144, 40152, 30420, 20264, 4409, 47, 30, NA, 1019185,  X
487, 489.0, 137915, 31631, 7690, 36360, 29836, 15757, 4733, 10501, 53, 34, NA, 274423,  X
488, 490.0, 1621281, 46826, 24633, 42372, 10082, 19832, 10204, 3306, 64, 38, NA, 1778536,  X
489, 491.0, 210337, 56506, 76536, 8755, 11788, 8013, 6589, 2162, 61, 44, NA, 380686,  X
490, 494.0, 255877, 342640, 28910, 67572, 10543, 65666, 27693, 6220, 67, 47, NA, 805121,  X
491, 495.0, 12765, 7505, 1587, 1478, 1412, 1913, 2076, 785, 66, 41, NA, 29521,  X
492, 496.0, 18331, 31092, 7914, 3304, 5795, 5848, 1997, 2207, 63, 30, NA, 76488,  X
493, 497.0, 150796, 9472, 4031, 8068, 5526, 2965, 3531, 2194, 70, 27, NA, 186583,  X
494, 498.0, 516705, 39253, 7631, 18463, 9246, 3191, 2992, 2533, 60, 35, NA, 600014,  X
495, 499.0, 120564, 70745, 31214, 12973, 4162, 2931, 3893, 2742, 41, 40, NA, 249224,  X
496, 500.0, 456549, 137135, 24604, 7531, 8729, 17968, 15182, 8861, 40, 38, NA, 676559,  X
497, 501.0, 343562, 132339, 27778, 20305, 9375, 20370, 11040, 8220, 37, 34, NA, 572989,  X
498, 502.0, 254764, 149139, 52064, 5859, 13889, 8952, 7872, 2106, 37, 29, NA, 494645,  X
499, 503.0, 12750, 36933, 12872, 15122, 7036, 10941, 2972, 4562, 53, 29, NA, 103188,  X
500, 504.0, 46019, 28073, 53319, 12367, 9458, 8383, 10298, 6275, 53, 43, NA, 174192,  X
501, 505.0, 92027, 13676, 9489, 6242, 4981, 3860, 5417, 944, 54, 50, NA, 136636,  X
502, 506.0, 799153, 21615, 13557, 3087, 1508, 2674, 3252, 1921, 60, 54, NA, 846767,  X
503, 508.0, 116649, 30046, 7464, 2529, 1757, 974, 1131, 499, 43, 50, NA, 161049,  X
504, 509.0, 214386, 129638, 10841, 2829, 2036, 1420, 1705, 2157, 21, 30, NA, 365012,  X
505, 510.0, 1618524, 68430, 4248, 4977, 2106, 2002, 1197, 738, 7, 20, NA, 1702222,  X
506, 511.0, 2476875, 163648, 150683, 21643, 16664, 25654, 10027, 23808, 8, 20, NA, 2889002,  X
507, 512.0, 44399, 54061, 8584, 16867, 10427, 13872, 31715, 24533, 24, 21, NA, 204458,  X
508, 513.0, 168066, 200961, 22698, 42687, 8160, 27759, 22064, 9167, 47, 27, NA, 501562,  X
509, 514.0, 114352, 14343, 7900, 21229, 6657, 2327, 1998, 2063, 53, 44, NA, 170869,  X
510, 515.0, 362676, 53809, 26089, 7859, 11579, 7551, 4426, 4237, 54, 40, NA, 478226,  X
511, 516.0, 237984, 146912, 20812, 32839, 18043, 13274, 4400, 2647, 44, 40, NA, 476911,  X
512, 517.0, 40695, 23835, 2842, 4347, 1319, 662, 884, 718, 30, 41, NA, 75302,  X
513, 518.0, 147714, 39476, 18940, 10087, 2182, 4436, 6830, 1245, 30, 37, NA, 230910,  X
514, 519.0, 733483, 27364, 19621, 10375, 4672, 7468, 14276, 2323, 35, 40, NA, 819582,  X
515, 520.0, 1261849, 883482, 36734, 32240, 24265, 27853, 35585, 18881, 27, 29, NA, 2320889,  X
516, 521.0, 485439, 50879, 5992, 10339, 3612, 3961, 2291, 1242, 37, 27, NA, 563755,  X
517, 522.0, 1896632, 215708, 36421, 25307, 30508, 7078, 13256, 10175, 27, 21, NA, 2235085,  X
518, 523.0, 1045117, 87416, 15661, 1915, 3650, 5778, 3941, 3070, 21, 13, NA, 1166548,  X
519, 524.0, 1011514, 33096, 13619, 6201, 5471, 7899, 5825, 3278, 38, 24, NA, 1086903,  X
520, 525.0, 8203, 5333, 7830, 13183, 3055, 10050, 8174, 2256, 54, 35, NA, 58084,  X
521, 526.0, 37591, 25977, 25141, 14778, 10712, 12236, 12717, 2114, 74, 43, NA, 141266,  X
522, 527.0, 22136, 5886, 28397, 9801, 7525, 17432, 8552, 4391, 91, 54, NA, 104120,  X
523, 528.0, 1989762, 32243, 11703, 15947, 11420, 13287, 5303, 7450, 93, 56, NA, 2087115,  X
524, 529.0, 277243, 81550, 64049, 25589, 32366, 4506, 3408, 3817, 67, 53, NA, 492528,  X
525, 530.0, 81512, 77983, 58926, 24225, 10737, 8141, 4926, 786, 57, 53, NA, 267236,  X
526, 531.0, 363104, 85798, 26961, 67189, 35326, 17237, 8860, 2607, 44, 50, NA, 607082,  X
527, 532.0, 84323, 8747, 34372, 9246, 10086, 6754, 9215, 3521, 41, 57, NA, 166264,  X
528, 533.0, 20578, 31765, 28367, 4276, 14573, 15799, 6422, 3757, 61, 54, NA, 125537,  X
529, 534.0, 12979, 15206, 22439, 3938, 4799, 4565, 4781, 1586, 67, 56, NA, 70293,  X
530, 535.0, 20001, 24347, 18474, 17128, 25208, 11508, 4685, 1335, 75, 56, NA, 122686,  X
531, 536.0, 5719, 11749, 50999, 1654, 6914, 5157, 4081, 1321, 69, 57, NA, 87594,  X
532, 537.0, 9832, 37108, 67968, 16794, 5150, 7060, 6698, 1082, 56, 66, NA, 151692,  X
533, 538.0, 10433, 15403, 7901, 21340, 1719, 5792, 12750, 3300, 57, 67, NA, 78638,  X
534, 539.0, 73217, 26511, 1348, 6630, 5313, 3682, 2941, 2869, 53, 61, NA, 122511,  X
535, 541.0, 1851498, 497883, 89271, 59017, 27355, 14420, 11706, 10164, 41, 47, NA, 2561314,  X
536, 542.0, 42068, 25157, 6630, 3272, 1700, 4230, 3534, 2162, 48, 35, NA, 88753,  X
537, 543.0, 91086, 4819, 698, 3022, 1314, 910, 1355, 672, 47, 27, NA, 103876,  X
538, 544.0, 417265, 151665, 21702, 21947, 8267, 5688, 8270, 2144, 35, 29, NA, 636948,  X
539, 546.0, 1029381, 143416, 34829, 7069, 29989, 41932, 6861, 5152, 54, 27, NA, 1298629,  X
540, 547.0, 1588741, 368193, 98012, 35282, 44894, 67260, 15376, 11137, 56, 27, NA, 2228895,  X
541, 548.0, 207479, 30557, 37184, 10205, 8380, 11889, 10213, 4748, 60, 30, NA, 320655,  X
542, 549.0, 1982358, 19832, 19071, 2700, 13274, 2083, 1629, 530, 64, 37, NA, 2041477,  X
543, 550.0, 285549, 13926, 10383, 4493, 3056, 1547, 2726, 523, 51, 47, NA, 322203,  X
544, 551.0, 448083, 195238, 57817, 6971, 49745, 14146, 21315, 20770, 41, 44, NA, 814085,  X
545, 552.0, 299953, 87219, 16951, 41531, 18908, 15227, 13545, 5095, 38, 40, NA, 498429,  X
546, 553.0, 86954, 48601, 14013, 19423, 26044, 15506, 6526, 3434, 51, 38, NA, 220501,  X
547, 554.0, 122071, 137912, 10711, 5262, 12236, 13917, 6228, 2479, 54, 23, NA, 310816,  X
548, 555.0, 23184, 16441, 23055, 7764, 6736, 4139, 7022, 2850, 61, 35, NA, 91191,  X
549, 556.0, 710253, 22325, 27367, 36293, 14022, 13001, 2813, 2141, 64, 41, NA, 828215,  X
550, 557.0, 199217, 59269, 30282, 44530, 6819, 13988, 9738, 2126, 57, 48, NA, 365969,  X
551, 558.0, 11785, 74127, 5854, 4811, 7421, 5288, 5178, 1242, 54, 50, NA, 115706,  X
552, 559.0, 444841, 39156, 48318, 15028, 4022, 11510, 6960, 1238, 56, 50, NA, 571073,  X
553, 560.0, 9464, 11996, 11815, 6931, 3660, 7758, 2688, 2066, 61, 47, NA, 56378,  X
554, 561.0, 2497, 6793, 23818, 10473, 13548, 15658, 4815, 2409, 75, 47, NA, 80011,  X
555, 562.0, 48268, 28990, 65518, 21508, 8306, 10399, 1878, 4940, 77, 64, NA, 189807,  X
556, 563.0, 11336, 37165, 72797, 4009, 12717, 9306, 2902, 2006, 75, 64, NA, 152238,  X
557, 564.0, 4857, 13246, 22494, 2395, 10569, 10256, 1937, 995, 75, 64, NA, 66749,  X
558, 565.0, 16091, 35279, 19377, 12576, 19010, 8416, 1892, 1217, 64, 60, NA, 113858,  X
559, 566.0, 11080, 27943, 40343, 13130, 4329, 3495, 1981, 1523, 57, 57, NA, 103824,  X
560, 567.0, 61676, 36641, 1311, 1902, 4810, 2208, 1782, 611, 54, 38, NA, 110941,  X
561, 568.0, 85314, 22651, 24972, 962, 7881, 3031, 1344, 885, 41, 38, NA, 147040,  X
562, 569.0, 167115, 28107, 10713, 2411, 4512, 6383, 2804, 520, 43, 35, NA, 222565,  X
563, 570.0, 456961, 81919, 6084, 18315, 10183, 5554, 10035, 4729, 44, 23, NA, 593780,  X
564, 571.0, 659191, 17298, 16715, 4296, 5815, 2640, 3225, 3119, 47, 40, NA, 712299,  X
565, 572.0, 640213, 75152, 12230, 9791, 9971, 4727, 10260, 5101, 44, 34, NA, 767445,  X
566, 573.0, 195597, 12609, 1767, 10378, 1860, 2343, 1432, 589, 40, 38, NA, 226575,  X
567, 574.0, 1013735, 735601, 53520, 27274, 20287, 9630, 10754, 9094, 26, 30, NA, 1879895,  X
568, 575.0, 459000, 53079, 10029, 11544, 4233, 3165, 1814, 1627, 21, 26, NA, 544491,  X
569, 576.0, 266117, 37615, 40773, 25582, 31618, 15677, 19414, 8801, 30, 35, NA, 445597,  X
570, 577.0, 144553, 66314, 29131, 8782, 9668, 5105, 3124, 1411, 26, 30, NA, 268088,  X
571, 578.0, 310667, 240654, 24646, 68589, 48867, 25872, 6618, 10972, 43, 40, NA, 736885,  X
572, 579.0, 169415, 47619, 58245, 4313, 9798, 21097, 14718, 5053, 57, 44, NA, 330258,  X
573, 580.0, 53718, 47144, 27823, 16919, 14289, 11237, 9290, 6135, 54, 43, NA, 186555,  X
574, 581.0, 449773, 22124, 15606, 26837, 10279, 13732, 14570, 3249, 67, 47, NA, 556170,  X
575, 582.0, 53752, 7090, 7816, 9172, 4442, 4483, 2076, 1522, 77, 54, NA, 90353,  X
576, 583.0, 201326, 48956, 34352, 3950, 5058, 21763, 11775, 15131, 80, 51, NA, 342311,  X
577, 584.0, 255968, 29454, 1356, 4095, 2350, 3736, 1679, 814, 78, 41, NA, 299452,  X
578, 585.0, 25409, 47191, 15968, 19547, 19592, 14876, 12493, 3995, 77, 38, NA, 159071,  X
579, 586.0, 3415, 59798, 5553, 12698, 15347, 10107, 8958, 2084, 74, 26, NA, 117960,  X
580, 587.0, 15884, 26098, 18237, 7361, 5961, 12325, 6207, 1046, 74, 27, NA, 93119,  X
581, 588.0, 6801, 19026, 15813, 10602, 13835, 13204, 4654, 2741, 81, 37, NA, 86676,  X
582, 589.0, 38901, 19296, 16953, 13130, 5366, 14867, 23792, 3890, 87, 40, NA, 136195,  X
583, 590.0, 39251, 15694, 28766, 27469, 27692, 8931, 3416, 3474, 87, 51, NA, 154693,  X
584, 591.0, 25151, 18743, 5785, 5713, 4377, 7385, 3799, 1114, 87, 48, NA, 72067,  X
585, 592.0, 56004, 12594, 23934, 6483, 7628, 12052, 7302, 8234, 87, 51, NA, 134231,  X
586, 593.0, 81435, 15206, 6226, 1166, 3039, 4226, 1550, 1164, 81, 47, NA, 114012,  X
587, 594.0, 247415, 22778, 8579, 25254, 7556, 20938, 12155, 2065, 93, 43, NA, 346740,  X
588, 595.0, 30252, 11080, 22022, 29341, 25030, 4944, 10465, 2120, 81, 51, NA, 135254,  X
589, 596.0, 36401, 48020, 8325, 15890, 9498, 21768, 6172, 1233, 81, 44, NA, 147307,  X
590, 597.0, 20361, 41551, 20376, 18644, 13737, 9261, 15921, 1931, 78, 48, NA, 141782,  X
591, 598.0, 23754, 21073, 7022, 7606, 7387, 6268, 2633, 1422, 70, 44, NA, 77165,  X
592, 599.0, 68109, 68808, 46372, 37568, 8751, 4606, 14092, 2416, 61, 44, NA, 250722,  X
593, 600.0, 538773, 28425, 15200, 11974, 18933, 16319, 14230, 10108, 61, 47, NA, 653962,  X
594, 601.0, 366564, 20182, 15449, 13616, 9584, 6175, 1749, 1407, 61, 48, NA, 434726,  X
595, 602.0, 445868, 93144, 5472, 11587, 21305, 14069, 9471, 4361, 57, 40, NA, 605277,  X
596, 603.0, 76072, 13248, 2627, 1940, 2273, 4125, 2099, 548, 78, 27, NA, 102932,  X
597, 604.0, 350234, 39094, 22729, 25575, 24331, 16929, 7221, 4277, 77, 30, NA, 490390,  X
598, 605.0, 96896, 98111, 40281, 36331, 20085, 17322, 6933, 4350, 75, 29, NA, 320309,  X
599, 606.0, 28039, 85925, 18589, 47491, 23812, 10561, 13066, 2088, 67, 41, NA, 229571,  X
600, 607.0, 145083, 35455, 41051, 33222, 24176, 7233, 16828, 3021, 56, 53, NA, 306069,  X
601, 608.0, 109545, 49497, 9224, 8925, 3554, 3279, 1525, 1185, 41, 48, NA, 186734,  X
602, 609.0, 146882, 48478, 7099, 10473, 8135, 2995, 2832, 869, 34, 43, NA, 227763,  X
603, 610.0, 1085903, 155699, 62187, 67859, 158426, 91519, 126195, 9366, 48, 38, NA, 1757154,  X
604, 611.0, 34863, 64803, 69308, 5642, 42609, 11885, 1953, 4539, 50, 35, NA, 235602,  X
605, 612.0, 16431, 45041, 34193, 9327, 8291, 8979, 1831, 515, 56, 40, NA, 124608,  X
606, 613.0, 1429687, 331951, 10726, 21493, 20118, 49006, 11286, 10102, 67, 30, NA, 1884369,  X
607, 614.0, 504275, 138620, 35494, 12977, 18746, 8885, 6699, 5030, 50, 29, NA, 730726,  X
608, 615.0, 96629, 128951, 59355, 9103, 9892, 23242, 16534, 2581, 53, 26, NA, 346287,  X
609, 616.0, 236823, 107996, 40656, 13530, 19182, 8251, 9565, 3286, 48, 23, NA, 439289,  X
610, 617.0, 2780539, 129523, 35946, 34728, 17955, 41184, 28051, 25701, 53, 35, NA, 3093627,  X
611, 618.0, 1142069, 7971, 5112, 2937, 1561, 4583, 551, 445, 67, 40, NA, 1165229,  X
612, 619.0, 11641, 22088, 2035, 4890, 2647, 2574, 2254, 934, 66, 37, NA, 49063,  X
613, 620.0, 7201, 9377, 5848, 478, 2697, 2972, 1932, 540, 77, 37, NA, 31045,  X
614, 621.0, 28577, 48708, 41642, 16653, 34741, 17850, 7670, 1554, 74, 41, NA, 197395,  X
615, 622.0, 63007, 56142, 7343, 4854, 6947, 4060, 1871, 698, 60, 30, NA, 144922,  X
616, 623.0, 872375, 46272, 16854, 1692, 8470, 8043, 1213, 882, 63, 34, NA, 955801,  X
617, 623.9, 14553, 25849, 18061, 8502, 20185, 6360, 5638, 1251, 60, 35, NA, 100399,  X
618, 624.9, 497318, 339312, 10786, 22228, 21256, 10408, 5985, 4965, 43, 21, NA, 912258,  X
619, 625.9, 444722, 38756, 24802, 24356, 7243, 5221, 6765, 2885, 44, 35, NA, 554750,  X
620, 627.0, 787671, 193248, 65765, 29304, 21552, 9404, 16908, 5287, 30, 37, NA, 1129139,  X
621, 628.0, 72570, 25508, 10545, 27315, 2182, 8032, 5344, 1946, 30, 43, NA, 153442,  X
622, 629.0, 29783, 25804, 18181, 18713, 15092, 24417, 5891, 2353, 54, 56, NA, 140234,  X
623, 629.9, 479598, 68758, 41220, 9292, 23281, 7314, 2660, 3516, 54, 51, NA, 635639,  X
624, 631.0, 352352, 18509, 6920, 2294, 3044, 1535, 1440, 477, 60, 51, NA, 386571,  X
625, 631.9, 1122619, 409417, 47598, 34185, 29441, 24117, 33338, 15851, 51, 37, NA, 1716566,  X
626, 632.9, 878915, 133008, 95065, 57500, 25883, 17162, 26453, 5886, 35, 40, NA, 1239872,  X
627, 634.0, 197530, 428698, 100077, 40827, 10103, 27288, 10607, 3788, 34, 37, NA, 818918,  X
628, 634.9, 580538, 21346, 17719, 3964, 5111, 4895, 1265, 686, 40, 40, NA, 635524,  X
629, 635.9, 56942, 19088, 12835, 4521, 2184, 4624, 908, 563, 50, 51, NA, 101665,  X
630, 636.9, 172316, 13671, 1573, 1378, 1365, 3324, 1250, 1031, 57, 38, NA, 195908,  X
631, 637.9, 223252, 100423, 6087, 73004, 22398, 15105, 3354, 6001, 64, 43, NA, 449624,  X
632, 638.9, 354123, 83353, 19214, 5657, 2816, 1915, 1723, 757, 47, 37, NA, 469558,  X
633, 639.9, 463903, 67571, 72573, 32446, 17991, 15758, 12565, 2309, 43, 40, NA, 685116,  X
634, 640.9, 154627, 98214, 20647, 14050, 2593, 4236, 1596, 1255, 26, 44, NA, 297218,  X
635, 641.9, 1899948, 354757, 44778, 38322, 29080, 13266, 6783, 6645, 16, 38, NA, 2393579,  X
636, 642.9, 1294086, 132123, 38897, 48765, 11367, 17893, 11484, 2314, 30, 43, NA, 1556929,  X
637, 643.9, 482514, 204510, 34224, 40269, 18117, 18772, 15431, 4834, 27, 35, NA, 818671,  X
638, 644.9, 190194, 46842, 57871, 20951, 14175, 12483, 16046, 2980, 38, 43, NA, 361542,  X
639, 645.9, 55853, 11986, 2929, 9453, 2218, 3067, 2597, 1337, 53, 51, NA, 89440,  X
640, 646.9, 403324, 221733, 41804, 33168, 7589, 8907, 9369, 5286, 43, 48, NA, 731180,  X
641, 647.9, 187194, 30822, 3189, 11204, 2178, 3021, 952, 1196, 41, 50, NA, 239756,  X
642, 648.9, 358679, 137204, 23595, 101779, 17502, 5570, 11578, 4739, 26, 50, NA, 660646,  X
643, 650.0, 11267, 116654, 88524, 32222, 9728, 9949, 3702, 3881, 16, 51, NA, 275927,  X
644, 650.9, 334096, 31271, 195093, 122732, 18972, 12253, 2098, 4000, 17, 70, NA, 720515,  X
645, 651.9, 150077, 81576, 9270, 214589, 13194, 7675, 4279, 758, 10, 84, NA, 481418,  X
646, 652.9, 487822, 61506, 54003, 18498, 26858, 14249, 16676, 4831, 24, 83, NA, 684443,  X
647, 653.9, 753436, 151873, 113447, 113993, 10469, 19961, 9432, 12389, 26, 87, NA, 1185000,  X
648, 654.9, 302013, 69919, 89645, 27922, 4216, 7354, 7651, 3397, 27, 78, NA, 512117,  X
649, 655.9, 503474, 84028, 25422, 101396, 10708, 17874, 7196, 3726, 40, 74, NA, 753824,  X
650, 656.9, 350953, 303270, 39729, 67126, 14725, 11369, 3988, 7033, 27, 66, NA, 798193,  X
651, 659.9, 136023, 50236, 6205, 8439, 3881, 2961, 4413, 2510, 26, 54, NA, 214668,  X
652, 660.9, 483073, 343512, 9001, 44171, 75034, 35640, 48315, 23858, 35, 35, NA, 1062604,  X
653, 661.9, 420836, 210140, 9276, 16709, 7358, 5826, 6035, 3900, 23, 16, NA, 680080,  X
654, 662.9, 265353, 37022, 8552, 14518, 3603, 2666, 4013, 1033, 26, 21, NA, 336760,  X
655, 663.9, 52481, 16357, 1200, 1046, 2261, 992, 1742, 708, 27, 14, NA, 76787,  X
656, 664.9, 455817, 174306, 30351, 148480, 8197, 19885, 11980, 7397, 24, 29, NA, 856413,  X
657, 666.0, 967298, 90772, 23699, 12344, 11976, 18667, 16777, 13771, 43, 38, NA, 1155304,  X
658, 666.9, 107337, 31973, 9944, 24479, 8556, 1335, 3142, 1255, 37, 41, NA, 188021,  X
659, 667.9, 154009, 41426, 102400, 108891, 31283, 19663, 6853, 5490, 40, 63, NA, 470015,  X
660, 668.9, 616474, 398355, 73702, 2541, 22039, 16743, 6987, 5791, 37, 51, NA, 1142632,  X
661, 669.9, 644816, 39281, 5390, 11705, 4536, 9332, 1498, 850, 38, 53, NA, 717408,  X
662, 670.9, 87950, 24755, 4739, 33071, 4532, 3573, 2744, 757, 48, 54, NA, 162121,  X
663, 671.9, 87092, 83563, 31207, 30942, 23033, 15729, 8610, 3376, 51, 44, NA, 283552,  X
664, 672.9, 53977, 99691, 42936, 210915, 14719, 8240, 20162, 2185, 48, 63, NA, 452825,  X
665, 673.9, 43597, 14112, 1661, 2763, 428, 664, 520, 472, 34, 63, NA, 64217,  X
666, 674.9, 1126916, 60384, 93526, 291919, 38719, 7601, 9111, 4353, 21, 70, NA, 1632529,  X
667, 675.9, 46728, 24623, 34353, 35133, 7424, 8286, 3068, 2174, 20, 81, NA, 161789,  X
668, 676.9, 52899, 112973, 49771, 11584, 18927, 9762, 8204, 4292, 27, 67, NA, 268412,  X
669, 677.9, 668323, 82346, 129789, 53426, 14189, 19656, 5852, 3994, 35, 80, NA, 977575,  X
670, 678.9, 96515, 35015, 107701, 62412, 5960, 8234, 9254, 2850, 43, 80, NA, 327941,  X
671, 679.9, 240980, 53036, 47405, 154959, 9314, 17729, 4912, 4291, 40, 83, NA, 532626,  X
672, 680.9, 41526, 33691, 21633, 155586, 9126, 6078, 2334, 7331, 34, 100, NA, 277305,  X
673, 682.0, 16551, 65763, 95841, 96475, 20238, 19194, 11567, 2362, 35, 100, NA, 327991,  X
674, 682.9, 55188, 59392, 20288, 75136, 7334, 7093, 8118, 3309, 35, 93, NA, 235858,  X
675, 683.9, 442664, 89688, 86802, 161041, 22457, 19333, 12429, 6483, 34, 91, NA, 840897,  X
676, 684.9, 155953, 64571, 5419, 8988, 6004, 3952, 2924, 1003, 38, 67, NA, 248814,  X
677, 685.9, 429389, 130869, 56436, 110236, 11785, 7618, 12042, 1210, 27, 64, NA, 759585,  X
678, 686.9, 27315, 14842, 3264, 126110, 11394, 7020, 5302, 1893, 27, 74, NA, 197140,  X
679, 687.9, 572870, 53061, 143102, 44756, 44270, 16703, 6200, 3294, 30, 70, NA, 884256,  X
680, 688.9, 55712, 36822, 8263, 34694, 2179, 8784, 5091, 1324, 38, 84, NA, 152869,  X
681, 689.9, 951805, 226488, 92742, 46370, 14678, 12854, 17369, 17339, 41, 78, NA, 1379645,  X
682, 691.9, 1553404, 43616, 19066, 9598, 1931, 1339, 1418, 317, 34, 64, NA, 1630689,  X
683, 692.9, 76300, 11179, 459, 2841, 3652, 738, 1158, 579, 27, 48, NA, 96906,  X
684, 693.9, 948285, 123304, 27997, 32887, 30554, 16143, 21258, 2439, 26, 40, NA, 1202867,  X
685, 694.9, 860226, 24669, 2074, 5272, 5368, 3930, 1900, 745, 38, 34, NA, 904184,  X
686, 695.9, 20840, 4326, 345, 898, 1421, 1412, 778, 728, 64, 23, NA, 30748,  X
687, 696.9, 1591019, 45426, 16913, 4266, 12239, 3958, 1773, 2410, 66, 26, NA, 1678004,  X
688, 698.0, 1996845, 76332, 18188, 24717, 5289, 21959, 4237, 3584, 74, 27, NA, 2151151,  X
689, 698.9, 206518, 64318, 14045, 3191, 5117, 2128, 2593, 1937, 57, 29, NA, 299847,  X
690, 699.9, 359822, 46834, 166720, 63960, 118265, 122709, 13899, 8984, 63, 41, NA, 901193,  X
691, 700.9, 21205, 61705, 33613, 5621, 16150, 14588, 11740, 5252, 70, 44, NA, 169874,  X
692, 701.9, 27218, 60758, 55316, 53640, 3982, 12834, 9614, 9368, 63, 53, NA, 232730,  X
693, 702.9, 17246, 29073, 9234, 13066, 13922, 11033, 16711, 12085, 83, 56, NA, 122370,  X
694, 703.9, 14707, 129808, 21485, 24730, 6442, 8024, 12972, 8344, 61, 50, NA, 226512,  X
695, 704.9, 43567, 29542, 5311, 9384, 7287, 9530, 8785, 2664, 66, 48, NA, 116070,  X
696, 705.9, 399187, 72106, 10618, 14800, 9579, 9551, 12141, 18228, 69, 35, NA, 546210,  X
697, 706.9, 12900, 14800, 32516, 20336, 14259, 6731, 6858, 8112, 61, 44, NA, 116512,  X
698, 707.9, 753237, 67335, 2437, 48031, 23075, 35160, 22469, 5503, 80, 47, NA, 957247,  X
699, 708.9, 16075, 34438, 7437, 1240, 1420, 2075, 1944, 758, 64, 43, NA, 65387,  X
700, 709.9, 1352362, 278056, 21810, 90045, 39286, 42009, 14298, 9237, 66, 44, NA, 1847103,  X
701, 710.9, 550315, 133627, 17836, 28670, 15329, 18631, 5717, 5855, 67, 30, NA, 775980,  X
702, 711.9, 200402, 24790, 12437, 5649, 4389, 2146, 2214, 432, 51, 35, NA, 252459,  X
703, 712.9, 139836, 9463, 1815, 627, 449, 432, 463, 277, 48, 35, NA, 153362,  X
704, 714.0, 201140, 66099, 7326, 10291, 5106, 10460, 2674, 2929, 48, 30, NA, 306025,  X
705, 714.9, 1162159, 122126, 38776, 14642, 76475, 21668, 8108, 7143, 50, 30, NA, 1451097,  X
706, 715.9, 841586, 121094, 16618, 16164, 7299, 4508, 1389, 1101, 43, 26, NA, 1009759,  X
707, 716.9, 10190, 21905, 565, 1964, 4805, 11337, 8864, 1136, 67, 16, NA, 60766,  X
708, 717.9, 46376, 29213, 16484, 1868, 17650, 16340, 9235, 1358, 78, 16, NA, 138524,  X
709, 718.9, 21357, 11766, 44223, 29839, 10746, 10796, 6302, 2508, 78, 34, NA, 137537,  X
710, 719.9, 10828, 39225, 25658, 7716, 9600, 10360, 3407, 2422, 94, 40, NA, 109216,  X
711, 720.9, 23257, 20941, 35448, 15459, 5049, 5975, 4495, 1481, 77, 64, NA, 112105,  X
712, 721.9, 129665, 22194, 15680, 13191, 3599, 2504, 2006, 981, 57, 77, NA, 189820,  X
713, 722.9, 330740, 113269, 163500, 54640, 43672, 12509, 8186, 4063, 47, 70, NA, 730579,  X
714, 723.9, 709508, 46155, 42030, 29917, 8731, 19244, 9480, 2959, 47, 75, NA, 868024,  X
715, 724.9, 82512, 26440, 4266, 5612, 624, 3155, 1095, 550, 48, 63, NA, 124254,  X
716, 725.9, 3751, 12871, 31589, 6668, 10834, 3896, 3133, 2911, 53, 64, NA, 75653,  X
717, 726.9, 96349, 23921, 25374, 23142, 6492, 11719, 6970, 6325, 66, 63, NA, 200292,  X
718, 727.9, 4315, 48195, 16910, 10443, 7124, 3728, 5057, 1332, 54, 57, NA, 97104,  X
719, 728.9, 92404, 16987, 3132, 13318, 1750, 2149, 620, 327, 51, 66, NA, 130687,  X
720, 730.0, 102908, 48745, 1300, 6276, 11353, 7434, 1512, 1566, 56, 44, NA, 181094,  X
721, 730.9, 137583, 7513, 10577, 5548, 3617, 2334, 1381, 355, 53, 47, NA, 168908,  X
722, 731.9, 18286, 1942, 48099, 6006, 10759, 11147, 3398, 2429, 66, 60, NA, 102066,  X
723, 732.9, 4326, 18328, 12178, 5349, 7263, 11647, 5061, 803, 81, 54, NA, 64955,  X
724, 733.9, 12171, 18197, 5013, 3971, 6282, 7150, 2013, 2478, 88, 61, NA, 57275,  X
725, 734.9, 143277, 4604, 1453, 6235, 2766, 2900, 927, 477, 94, 57, NA, 162639,  X
726, 735.9, 54402, 80110, 7354, 14300, 9345, 16746, 8409, 2931, 94, 40, NA, 193597,  X
727, 738.9, 67617, 45310, 4900, 12646, 5469, 2701, 2345, 653, 75, 37, NA, 141641,  X
728, 739.9, 1577996, 76444, 2670, 13642, 7192, 21869, 5300, 4795, 74, 34, NA, 1709908,  X
729, 740.9, 54492, 17852, 33968, 34613, 21164, 8713, 15288, 7450, 66, 38, NA, 193540,  X
730, 741.9, 38653, 43684, 13018, 26162, 12723, 16663, 12044, 3232, 67, 44, NA, 166179,  X
731, 742.9, 688345, 700519, 18558, 54435, 29552, 15361, 22122, 6941, 61, 37, NA, 1535833,  X
732, 743.9, 1647237, 56144, 17795, 13140, 35850, 16330, 5021, 2441, 60, 41, NA, 1793958,  X
733, 744.9, 1253840, 175902, 15248, 40184, 36153, 13132, 19117, 3144, 53, 26, NA, 1556720,  X
734, 746.0, 1066467, 755326, 31096, 59884, 28112, 26024, 18091, 7087, 35, 14, NA, 1992087,  X
735, 746.9, 1204083, 132647, 22158, 98829, 19639, 46305, 9022, 7376, 54, 29, NA, 1540059,  X
736, 747.9, 1370083, 84668, 2122, 50128, 57705, 21195, 18663, 5054, 53, 29, NA, 1609618,  X
737, 748.9, 505626, 188688, 31621, 11508, 21315, 12101, 9504, 1401, 51, 27, NA, 781764,  X
738, 749.9, 1136089, 64454, 26397, 10373, 9415, 6552, 3458, 636, 57, 38, NA, 1257374,  X
739, 750.9, 43736, 39053, 12405, 4583, 15155, 12489, 5753, 1529, 61, 30, NA, 134703,  X
740, 751.9, 117515, 32887, 21004, 18919, 24251, 10732, 6072, 4463, 61, 37, NA, 235843,  X
741, 752.9, 127347, 53016, 13841, 7035, 12265, 3453, 5550, 1429, 60, 40, NA, 223936,  X
742, 753.9, 92336, 138810, 27381, 4347, 9450, 11087, 8105, 2949, 60, 34, NA, 294465,  X
743, 754.9, 7785, 48141, 3457, 11518, 16521, 3933, 3961, 2868, 48, 30, NA, 98184,  X
744, 755.9, 133101, 77432, 4502, 6200, 2855, 2886, 1358, 397, 34, 20, NA, 228731,  X
745, 756.9, 46702, 198170, 10624, 16078, 9470, 10525, 10758, 2523, 35, 13, NA, 304850,  X
746, 757.9, 985446, 286154, 35563, 14169, 25825, 41794, 17891, 3450, 41, 11, NA, 1410292,  X
747, 758.9, 423035, 256160, 10609, 37094, 22024, 9580, 19225, 3031, 35, 10, NA, 780758,  X
748, 759.9, 117064, 14703, 3668, 1371, 1749, 1700, 654, 255, 43, 14, NA, 141164,  X
749, 762.0, 1518451, 25735, 5328, 11289, 7442, 2519, 2275, 818, 44, 26, NA, 1573857,  X
750, 762.9, 588766, 43087, 21341, 16898, 12171, 4449, 1796, 1029, 38, 37, NA, 689537,  X
751, 763.9, 1012421, 41116, 54596, 82927, 8134, 22839, 22373, 7825, 51, 56, NA, 1252231,  X
752, 764.9, 247071, 23526, 5744, 702, 5068, 3875, 6528, 1998, 56, 53, NA, 294512,  X
753, 765.9, 1844273, 79207, 50384, 14626, 14185, 16104, 35531, 6312, 63, 54, NA, 2060622,  X
754, 766.9, 351778, 194785, 37731, 14438, 35397, 24025, 26291, 10919, 66, 47, NA, 695364,  X
755, 767.9, 2300495, 173951, 88114, 41466, 28871, 30702, 30575, 27538, 63, 37, NA, 2721712,  X
756, 768.9, 363325, 28508, 60635, 30732, 2304, 3623, 11532, 4547, 50, 56, NA, 505206,  X
757, 769.9, 206630, 32021, 8210, 4710, 3144, 3702, 2607, 1959, 47, 51, NA, 262983,  X
758, 770.9, 38955, 25044, 10152, 12647, 23393, 11184, 9850, 5760, 56, 56, NA, 136985,  X
759, 771.9, 31157, 25108, 15986, 9981, 5702, 4437, 1248, 1764, 54, 57, NA, 95383,  X
760, 772.9, 1272840, 36076, 23848, 17057, 9607, 6778, 6449, 3607, 64, 50, NA, 1376262,  X
761, 773.9, 207574, 8959, 2852, 606, 1413, 893, 942, 366, 63, 48, NA, 223605,  X
762, 774.9, 157259, 17386, 5804, 3798, 2341, 1461, 942, 440, 48, 50, NA, 189431,  X
763, 775.9, 167045, 29612, 9486, 9066, 6096, 4191, 2019, 1359, 50, 48, NA, 228874,  X
764, 776.9, 1868337, 177657, 51424, 73407, 24018, 15313, 13138, 7241, 43, 44, NA, 2230535,  X
765, 778.0, 514765, 34345, 10392, 7173, 5717, 3783, 2440, 3484, 44, 48, NA, 582099,  X
766, 778.9, 120372, 29522, 10282, 26090, 5817, 3424, 2581, 925, 43, 53, NA, 199013,  X
767, 779.9, 572635, 178917, 72951, 26526, 14171, 25681, 18986, 16802, 43, 53, NA, 926669,  X
768, 780.9, 12756, 17441, 5897, 9790, 5621, 10495, 8082, 2586, 60, 50, NA, 72668,  X
769, 781.9, 289380, 53897, 44756, 62649, 14559, 15732, 7679, 6212, 63, 60, NA, 494864,  X
770, 782.9, 258213, 49032, 5262, 4425, 3226, 2335, 1929, 646, 61, 47, NA, 325068,  X
771, 783.9, 789943, 58306, 10215, 14113, 9737, 12052, 10275, 3186, 66, 43, NA, 907827,  X
772, 784.9, 1871572, 246463, 50318, 15854, 23442, 16660, 12952, 4056, 50, 38, NA, 2241317,  X
773, 785.9, 46646, 19120, 11263, 6801, 917, 1364, 2196, 713, 40, 35, NA, 89020,  X
774, 786.9, 1384659, 95487, 42505, 192011, 18740, 12963, 9106, 6794, 38, 53, NA, 1762265,  X
775, 787.9, 303593, 24706, 3769, 11192, 6068, 9404, 7006, 1958, 44, 54, NA, 367696,  X
776, 788.9, 279393, 93173, 100747, 73342, 7947, 8346, 9252, 2432, 38, 69, NA, 574632,  X
777, 789.9, 410062, 323539, 61750, 53202, 13097, 11674, 12719, 12357, 37, 63, NA, 898400,  X
778, 790.9, 78986, 47037, 5599, 105749, 18158, 16976, 10282, 3867, 47, 60, NA, 286654,  X
779, 791.9, 62108, 65772, 60030, 78746, 8920, 12037, 3428, 3173, 34, 70, NA, 294214,  X
780, 792.9, 26224, 49217, 62653, 169000, 14023, 14060, 11656, 2614, 37, 77, NA, 349447,  X
781, 794.0, 218950, 74723, 30716, 103883, 10417, 17819, 8863, 3854, 48, 87, NA, 469225,  X
782, 794.9, 11530, 50767, 20246, 63270, 13995, 20853, 4587, 5546, 51, 84, NA, 190794,  X
783, 795.9, 66403, 124866, 51375, 12645, 15008, 12057, 4878, 4711, 51, 75, NA, 291943,  X
784, 796.9, 225568, 82346, 14178, 177921, 14816, 8659, 7036, 3581, 48, 69, NA, 534105,  X
785, 797.9, 132347, 48909, 81076, 165674, 5030, 5324, 4601, 2938, 30, 80, NA, 445899,  X
786, 798.9, 88505, 39733, 27648, 102232, 6409, 6704, 8304, 1143, 20, 87, NA, 280678,  X
787, 799.9, 280637, 125240, 18999, 161498, 22719, 9614, 3131, 9032, 13, 94, NA, 630870,  X
788, 800.9, 19798, 30179, 70023, 163957, 8349, 8132, 4677, 3888, 11, 100, NA, 309003,  X
789, 801.9, 37022, 29461, 5985, 23522, 4615, 4858, 3466, 1412, 26, 90, NA, 110341,  X
790, 802.9, 7046, 13709, 13364, 26520, 8193, 9377, 31700, 5334, 41, 83, NA, 115243,  X
791, 803.9, 477536, 36635, 97366, 70834, 5915, 12870, 22116, 7429, 48, 91, NA, 730701,  X
792, 804.9, 724605, 25719, 75855, 68404, 10715, 20872, 15712, 2694, 61, 84, NA, 944576,  X
793, 805.9, 2697, 27947, 74039, 38919, 16160, 36648, 12728, 8031, 74, 90, NA, 217169,  X
794, 806.9, 561628, 258612, 38964, 56960, 6247, 9267, 11808, 7733, 54, 80, NA, 951219,  X
795, 807.9, 259807, 138656, 213711, 14233, 18366, 17696, 3536, 5490, 53, 74, NA, 671495,  X
796, 808.9, 911469, 71103, 113012, 54915, 12910, 14281, 7616, 1239, 44, 69, NA, 1186545,  X
797, 810.0, 86942, 111154, 49838, 61826, 26279, 22299, 15019, 7171, 37, 64, NA, 380528,  X
798, 810.9, 150169, 105912, 35803, 2249, 18359, 4049, 3673, 1613, 37, 64, NA, 321827,  X
799, 811.9, 252709, 78975, 32261, 36872, 43529, 57685, 20446, 4459, 56, 56, NA, 526936,  X
800, 813.9, 439380, 95415, 34741, 36791, 15268, 8293, 6117, 1866, 54, 47, NA, 637871,  X
801, 814.9, 1091384, 76775, 18144, 21186, 11468, 8460, 4262, 4033, 53, 43, NA, 1235712,  X
802, 815.9, 584858, 30997, 10795, 11692, 7162, 7820, 8233, 2645, 67, 47, NA, 664202,  X
803, 816.9, 230980, 30355, 41655, 22246, 5841, 7566, 3888, 1886, 53, 56, NA, 344417,  X
804, 817.9, 590614, 7914, 4614, 4446, 1856, 917, 910, 804, 53, 57, NA, 612075,  X
805, 818.9, 806007, 27455, 35303, 9809, 2377, 6365, 1566, 1358, 54, 67, NA, 890240,  X
806, 819.9, 98130, 26884, 1462, 13534, 3881, 4212, 5239, 1127, 51, 66, NA, 154469,  X
807, 820.9, 122834, 66094, 60272, 43589, 3976, 13817, 10254, 3824, 51, 64, NA, 324660,  X
808, 821.9, 61628, 158736, 37017, 35015, 20396, 8172, 12133, 4470, 48, 60, NA, 337567,  X
809, 822.9, 48246, 62697, 3352, 24324, 9404, 13010, 11845, 4554, 51, 48, NA, 177432,  X
810, 823.9, 485306, 307142, 14759, 16907, 24292, 17646, 29872, 5831, 44, 37, NA, 901755,  X
811, 824.9, 11563, 54955, 21678, 22490, 15681, 21229, 5029, 2253, 54, 29, NA, 154878,  X
812, 826.0, 20482, 28685, 41495, 14298, 15386, 28556, 5005, 5610, 77, 35, NA, 159517,  X
813, 826.9, 492386, 225805, 74805, 43362, 24963, 30380, 12449, 2200, 70, 37, NA, 906350,  X
814, 827.9, 127678, 183683, 9072, 18475, 20502, 16986, 14269, 10832, 77, 40, NA, 401497,  X
815, 828.9, 37261, 116375, 30609, 18921, 3279, 11794, 8637, 7101, 66, 37, NA, 233977,  X
816, 829.9, 380631, 79150, 6384, 6943, 14719, 12784, 15036, 4061, 57, 23, NA, 519708,  X
817, 830.9, 320328, 44819, 4131, 1501, 2750, 4319, 1913, 2831, 57, 13, NA, 382592,  X
818, 831.9, 1546004, 126681, 46245, 18867, 35276, 10649, 10309, 4075, 53, 21, NA, 1798106,  X
819, 832.9, 162247, 37945, 3053, 20976, 4149, 4224, 974, 783, 53, 24, NA, 234351,  X
820, 833.9, 96092, 65086, 20038, 17892, 13995, 13223, 3263, 1526, 53, 34, NA, 231115,  X
821, 834.9, 102840, 35175, 21956, 30444, 15853, 13258, 5584, 7477, 56, 48, NA, 232587,  X
822, 835.9, 153113, 83291, 10364, 8054, 28334, 28695, 8708, 2032, 70, 40, NA, 322591,  X
823, 836.9, 71580, 50719, 20641, 22398, 9526, 5654, 8258, 1744, 69, 41, NA, 190520,  X
824, 837.9, 44397, 49005, 70280, 9243, 9854, 15644, 6079, 7653, 69, 48, NA, 212155,  X
825, 838.9, 65647, 48939, 54681, 43558, 3103, 9032, 4076, 1543, 61, 53, NA, 230579,  X
826, 839.9, 151944, 53827, 10378, 15563, 23617, 9214, 13258, 6415, 51, 60, NA, 284216,  X
827, 840.9, 195885, 23857, 2803, 3531, 1638, 1912, 2110, 809, 51, 51, NA, 232545,  X
828, 842.0, 72942, 36434, 11673, 24155, 17288, 8038, 7907, 6584, 51, 48, NA, 185021,  X
829, 842.9, 604848, 60932, 21256, 12968, 22377, 6352, 7173, 1949, 51, 38, NA, 737855,  X
830, 843.9, 203348, 23454, 11749, 8997, 4142, 3699, 1333, 398, 48, 43, NA, 257120,  X
831, 844.9, 58507, 38726, 46001, 40958, 31508, 40257, 3717, 5777, 64, 53, NA, 265451,  X
832, 845.9, 98669, 123613, 83071, 38331, 30535, 8795, 8629, 3396, 53, 56, NA, 395039,  X
833, 846.9, 812957, 97995, 11345, 10990, 16236, 27432, 5307, 2432, 64, 48, NA, 984694,  X
834, 847.9, 329124, 332594, 77152, 44041, 49290, 20299, 6232, 5455, 57, 41, NA, 864187,  X
835, 848.9, 537218, 159804, 31508, 6153, 37800, 12415, 6154, 3020, 43, 30, NA, 794072,  X
836, 849.9, 48948, 34349, 16351, 3305, 6844, 3165, 945, 711, 47, 26, NA, 114618,  X
837, 850.9, 239694, 272197, 28126, 34749, 31871, 20566, 6386, 4002, 34, 29, NA, 637591,  X
838, 851.9, 72041, 191251, 27131, 44699, 16010, 13490, 11711, 10181, 35, 29, NA, 386514,  X
839, 852.9, 211846, 39262, 22304, 9020, 11037, 3727, 1122, 1311, 34, 38, NA, 299629,  X
840, 853.9, 1586655, 114989, 20090, 65428, 7165, 12688, 18197, 7465, 34, 41, NA, 1832677,  X
841, 854.9, 393389, 31770, 31024, 14752, 13283, 6814, 6493, 4409, 37, 53, NA, 501934,  X
842, 855.9, 1031130, 158453, 34000, 21236, 26289, 5047, 8773, 5316, 29, 51, NA, 1290244,  X
843, 856.9, 1221406, 138389, 23625, 39502, 75537, 22818, 13644, 3337, 37, 47, NA, 1538258,  X
844, 858.0, 1647107, 175210, 29004, 28666, 8508, 26425, 7344, 1966, 43, 40, NA, 1924230,  X
845, 858.9, 937219, 585203, 43340, 21760, 27070, 35561, 16755, 6637, 38, 23, NA, 1673545,  X
846, 859.9, 248663, 6381, 15768, 20959, 4114, 2665, 1725, 1450, 48, 41, NA, 301725,  X
847, 860.9, 1098747, 68131, 17813, 33194, 7058, 14577, 6532, 2578, 50, 47, NA, 1248630,  X
848, 861.9, 74641, 58578, 26464, 56919, 9151, 12122, 8507, 8880, 47, 56, NA, 255262,  X
849, 862.9, 583944, 28938, 16522, 190496, 13850, 13571, 4163, 4098, 47, 84, NA, 855582,  X
850, 863.9, 2236, 15804, 19542, 61085, 11202, 9819, 7647, 2216, 51, 83, NA, 129551,  X
851, 864.9, 27641, 25135, 18237, 41848, 7816, 5074, 4079, 828, 44, 90, NA, 130658,  X
852, 865.9, 77385, 12311, 90080, 136028, 27845, 10155, 7377, 7396, 37, 100, NA, 368577,  X
853, 866.9, 38761, 34780, 37377, 288686, 7545, 11943, 12512, 2033, 30, 100, NA, 433637,  X
854, 867.9, 433596, 5947, 3699, 5888, 2499, 2512, 1835, 787, 35, 97, NA, 456763,  X
855, 868.9, 39647, 9204, 6855, 47363, 4853, 2155, 1707, 793, 29, 100, NA, 112577,  X
856, 869.9, 16165, 11565, 29776, 2472, 7244, 9040, 3327, 3464, 47, 93, NA, 83053,  X
857, 870.9, 18716, 24023, 4996, 12547, 5808, 3827, 5558, 640, 56, 75, NA, 76115,  X
858, 871.9, 185057, 74018, 46860, 27934, 7424, 10257, 4798, 3440, 48, 75, NA, 359788,  X
859, 872.9, 217675, 204498, 65064, 9395, 9977, 27035, 12936, 8580, 57, 56, NA, 555160,  X
860, 874.0, 288813, 19680, 4356, 1372, 948, 3109, 1001, 357, 53, 43, NA, 319636,  X
861, 874.9, 20016, 8021, 15907, 4055, 2880, 3326, 2358, 1026, 56, 51, NA, 57589,  X
862, 875.9, 607871, 228396, 51649, 3449, 16010, 17797, 8098, 5553, 54, 40, NA, 938823,  X
863, 876.9, 475056, 109254, 5625, 22013, 4810, 5181, 5556, 4035, 47, 38, NA, 631530,  X
864, 877.9, 2094130, 42491, 8869, 51981, 29259, 24417, 15435, 10258, 51, 44, NA, 2276840,  X
865, 878.9, 1718776, 122420, 34227, 3692, 16766, 12391, 14457, 7134, 48, 30, NA, 1929863,  X
866, 879.9, 478288, 65549, 39612, 87452, 7420, 16643, 28506, 3657, 53, 48, NA, 727127,  X
867, 880.9, 2194503, 166403, 46920, 40777, 85363, 22063, 8418, 3215, 61, 50, NA, 2567662,  X
868, 881.9, 2269345, 79370, 31345, 67507, 19430, 17450, 7245, 4254, 53, 51, NA, 2495946,  X
869, 882.9, 924225, 265521, 63476, 95580, 38453, 15026, 10057, 6876, 44, 56, NA, 1419214,  X
870, 883.9, 917508, 36802, 8417, 15398, 13404, 17046, 9647, 1545, 56, 44, NA, 1019767,  X
871, 884.9, 94103, 34593, 4897, 4020, 8630, 2065, 2329, 2091, 51, 41, NA, 152728,  X
872, 885.9, 36913, 24201, 52235, 37042, 20807, 22234, 6771, 5340, 57, 44, NA, 205543,  X
873, 886.9, 31906, 49631, 2777, 17641, 10773, 15018, 19659, 3549, 75, 40, NA, 150954,  X
874, 887.9, 175042, 189129, 12258, 69263, 18778, 9747, 9506, 4068, 53, 40, NA, 487791,  X
875, 888.9, 310842, 81065, 128829, 69401, 7959, 10412, 9627, 2553, 50, 57, NA, 620688,  X
876, 890.0, 122500, 16820, 24097, 18791, 2091, 2694, 1660, 538, 35, 61, NA, 189191,  X
877, 890.9, 37385, 36290, 159898, 9516, 16067, 11377, 5665, 3750, 23, 80, NA, 279948,  X
878, 891.9, 76920, 31358, 2706, 22548, 3303, 4247, 1971, 581, 30, 84, NA, 143634,  X
879, 892.9, 13714, 38865, 13051, 93047, 9824, 6698, 3864, 4507, 34, 83, NA, 183570,  X
880, 893.9, 15126, 23186, 39328, 196165, 7033, 11438, 4380, 1372, 34, 91, NA, 298028,  X
881, 894.9, 76253, 38695, 5756, 1617, 2860, 1860, 1525, 772, 29, 70, NA, 129338,  X
882, 895.9, 39900, 44882, 7142, 294394, 11516, 5342, 2537, 3519, 13, 87, NA, 409232,  X
883, 896.9, 7200, 29520, 29799, 117007, 9374, 13845, 6560, 6983, 20, 90, NA, 220288,  X
884, 897.9, 152275, 13734, 4011, 13820, 4534, 3274, 1128, 1528, 26, 75, NA, 194304,  X
885, 898.9, 54263, 27325, 7620, 129516, 4140, 5679, 3048, 4131, 24, 97, NA, 235722,  X
886, 899.9, 25476, 11538, 15062, 79336, 15921, 11376, 9044, 2476, 44, 93, NA, 170229,  X
887, 900.9, 132157, 55845, 19915, 131799, 12416, 12144, 3197, 2577, 41, 91, NA, 370050,  X
888, 901.9, 330017, 50270, 82259, 50703, 8130, 8361, 6481, 6700, 35, 97, NA, 542921,  X
889, 902.9, 20210, 16178, 9366, 20202, 2458, 4731, 6875, 2727, 47, 90, NA, 82747,  X
890, 903.9, 13728, 23162, 6458, 20479, 7988, 8311, 3077, 2463, 50, 80, NA, 85666,  X
891, 904.9, 5835, 12155, 5065, 15090, 6026, 6266, 1674, 898, 61, 74, NA, 53009,  X
892, 906.0, 470869, 456378, 66806, 45428, 15617, 15062, 3692, 681, 56, 56, NA, 1074533,  X
893, 906.9, 52193, 137962, 63768, 64320, 5798, 7814, 5556, 3580, 43, 53, NA, 340991,  X
894, 907.9, 172658, 78387, 23434, 24477, 10719, 11991, 7427, 4260, 37, 50, NA, 333353,  X
895, 908.9, 87196, 96976, 19692, 15833, 8062, 5316, 2628, 1734, 20, 41, NA, 237437,  X
896, 909.9, 24914, 80003, 38575, 18386, 12149, 7801, 8273, 1364, 27, 48, NA, 191465,  X
897, 910.9, 113857, 26828, 8003, 5118, 5364, 3287, 903, 900, 38, 41, NA, 164260,  X
898, 911.9, 86379, 20627, 8386, 2316, 3112, 2764, 1309, 812, 38, 41, NA, 125705,  X
899, 912.9, 136567, 14023, 1520, 274, 3678, 1403, 1175, 807, 44, 30, NA, 159447,  X
900, 913.9, 100756, 301137, 12120, 6025, 23829, 10016, 18270, 3163, 40, 14, NA, 475316,  X
901, 914.9, 111070, 42290, 12385, 10228, 12141, 11701, 7234, 5176, 47, 13, NA, 212225,  X
902, 915.9, 85055, 131218, 10439, 12165, 10509, 8844, 8712, 5027, 43, 4, NA, 271969,  X
903, 916.9, 255567, 124727, 33035, 9794, 7526, 5935, 4962, 1727, 35, 14, NA, 443273,  X
904, 917.9, 951788, 239881, 22177, 19398, 43609, 18438, 6704, 7111, 41, 21, NA, 1309106,  X
905, 918.9, 107932, 79970, 7118, 9612, 25748, 15648, 6871, 2474, 41, 14, NA, 255373,  X
906, 918.9, 130613, 69829, 28915, 4680, 14401, 8078, 6005, 2750, 47, 23, NA, 265271,  X
