poorSignalLevel,delta,theta,lowAlpha,highAlpha,lowBeta,highBeta,lowGamma,highGamma,attention,meditation
poorSignalLevel,delta,theta,lowAlpha,highAlpha,lowBeta,highBeta,lowGamma,highGamma,attention,meditation
poorSignalLevel,delta,theta,lowAlpha,highAlpha,lowBeta,highBeta,lowGamma,highGamma,attention,meditation
,443290,184058,136138,101003,50472,31097,8679,15857,0,0
,42768,23374,3131,7453,7892,6126,7268,4633,0,0
,37140,24207,7170,9223,9812,8435,5681,2137,0,0
,38027,20866,18298,18112,13504,4752,7710,4394,0,0
,4281,4569,560,3413,2322,4997,1201,379,53,35
,587852,89936,112700,51099,14524,8302,6648,5157,35,54
,189655,105931,11248,45001,15124,9015,2596,2061,21,54
,57221,116102,21121,22576,29998,10224,6575,4400,10,47
,29976,31513,12791,37638,8380,6271,5865,2077,1,66
,2196920,85150,19181,25622,10732,5084,4487,7066,1,44
,37993,26845,11143,11777,14506,9951,4591,2375,1,47
,262030,23740,20512,9036,16448,14350,1994,2033,17,57
,52786,37362,31827,34086,25670,9692,5313,2011,21,56
,607605,121530,15148,1831,6677,4019,1973,1076,21,40
,238902,301882,23110,76040,17760,20305,10652,3529,1,29
,244114,90535,44182,18956,25439,12025,5194,5454,1,51
,80672,64884,28875,18088,39878,11200,1560,2945,4,38
,136886,80781,32345,14063,3565,14396,3740,3185,10,40
,388877,170451,10069,20625,6102,4499,3962,4090,4,30
,918394,73298,28762,29401,33560,17746,3527,4388,11,29
,299776,32115,7450,4985,2911,3826,1993,536,13,26
,241512,29374,24994,23727,4488,15043,3492,6768,20,40
,115987,16379,721,886,6120,7380,1699,1258,51,35
,50280,24814,44784,9108,8994,24626,5003,3864,61,48
,111016,58862,33966,3855,7526,8702,5011,1212,48,66
,581559,457470,64118,23549,44766,17693,10691,8683,14,77
,1207433,206470,20215,48763,6178,36175,8121,5264,23,56
,32433,35272,16823,20888,9385,9908,2017,1218,26,61
,142316,121152,38600,10795,16076,9525,10174,7210,29,56
,304064,14124,2798,3947,1823,5884,2579,378,38,60
,1730143,55995,6463,18429,8105,17476,5832,3539,43,50
,117350,74535,2615,32664,9789,17550,4541,1275,47,54
,33084,5706,7017,8224,5232,4052,3579,589,60,67
,85515,45620,3759,14744,18347,6078,1665,643,48,64
,18947,14311,7939,10046,2191,2043,334,527,35,78
,31668,12892,6749,8268,6110,4106,4425,997,35,84
,98787,32788,7137,25999,4510,5627,3909,1136,24,83
,165189,40692,12240,14683,5130,8443,2498,921,27,90
,62672,92433,6146,14960,7720,8023,1905,1290,29,70
,143732,15483,31615,12385,4414,8376,3587,1310,27,81
,1004238,99734,13591,6096,4451,6891,5423,2760,24,63
,329863,86692,43499,15348,14180,12690,5894,4602,21,64
,458234,291475,8836,7220,15991,13413,7103,4820,16,48
,1098887,100488,24520,103746,23605,11524,5690,3891,4,43
,107885,78918,17836,11481,5147,4717,1857,1130,3,51
,177248,53354,17133,14477,51787,17434,8545,2877,11,43
,18303,72417,33694,3405,10358,16951,6467,1050,26,66
,97449,16511,4835,19781,47548,6710,1917,1503,38,54
,30415,27503,16545,18339,22669,11401,8098,4713,48,67
,91830,18388,4622,5935,2616,1546,1134,792,37,69
,19375,42729,2323,12094,5423,7790,3791,1543,30,57
,9244,27540,3522,31697,14340,5672,7025,832,24,63
,409520,86985,21926,32570,2856,10921,4256,2314,27,64
,48009,12873,3434,3850,766,1581,809,425,24,74
,228605,82786,8321,44921,11641,14307,5139,2079,21,78
,12370,21635,10809,5104,6340,9348,2988,1862,26,75
,324972,109249,53685,34669,9289,13195,9861,1689,23,77
,6818,23836,13032,13949,5617,11971,5525,1949,34,81
,47175,43721,19209,20854,3904,7415,3008,1710,40,81
,13589,16077,67731,28462,5265,13798,10917,4042,34,97
,58575,17883,9028,5676,7963,7609,4352,2481,47,91
,62781,15933,5022,3299,3054,6326,675,380,48,81
,61524,14065,19826,5045,11369,6721,4857,2468,56,80
,46246,82726,42172,3996,6065,9443,3993,917,50,63
,440694,67832,1930,8412,4878,5500,1341,715,38,51
,1887063,54329,10557,48736,14949,19681,2723,4501,34,57
,23668,17872,29662,32001,7611,5051,8644,2090,23,69
,73390,23005,4717,2345,6056,2681,1661,508,24,60
,31816,19551,2886,8781,1613,983,791,479,16,75
,29714,9416,79892,4759,6405,10349,3777,1143,11,88
,10306,6921,34076,8221,7812,7145,3052,1874,20,84
,71767,81884,17195,35667,11310,12933,3469,3044,20,91
,278604,129090,2940,15106,2867,3576,2005,1230,16,75
,82607,61179,5959,28907,10487,11269,7252,4267,17,53
,96276,100876,4208,13922,8078,8593,2592,4670,11,27
,32639,21059,33393,10416,11411,16184,2521,2015,21,34
,38483,42117,17735,31905,17432,13081,3079,4394,40,51
,120936,60247,2726,8223,8954,2474,994,365,29,61
,67878,36317,2426,8610,2827,2858,654,401,16,48
,276963,154547,7854,6926,10056,10741,3644,462,8,27
,112647,43965,27081,7278,11211,9699,8752,4673,10,20
,92866,28270,20900,27632,32061,13823,5198,1828,26,34
,154432,17308,18136,21658,5472,10130,5370,3233,38,48
,914913,135398,25774,14839,11575,9278,6550,2411,37,57
,84990,36040,40230,6892,5789,3640,7865,3440,26,64
,86958,120357,15066,3929,5624,3219,1134,520,4,51
,342000,29402,2600,3337,9237,2502,5707,998,1,29
,306912,43856,2744,23360,10531,8899,8477,2366,3,35
,501309,611545,11688,54242,16165,16537,16520,4851,1,13
,91689,10820,11645,6812,2324,3576,2073,1464,14,30
,199486,244848,44498,17233,15913,17541,9423,5146,11,38
,693346,116107,39015,36162,25603,15579,12825,4347,8,40
,932113,68266,1704,4472,3450,3655,5340,2040,14,37
,38946,18158,27355,49478,5916,7483,9131,1197,11,44
,41194,20021,24207,17332,5033,4825,5599,949,13,63
,577842,60836,23230,26852,33766,32871,14951,6631,40,80
,37967,49960,28876,9649,2295,6379,4867,793,40,67
,32685,16230,7781,6489,11887,7971,7114,1387,53,54
,44870,21026,38129,6009,11397,7982,11425,5791,50,60
,342315,70859,9145,31495,7593,6975,1567,1197,34,61
,804517,85244,24648,11789,16910,17142,6220,2524,40,54
,293035,74428,18424,5624,7291,13213,7412,3553,27,35
,261380,212783,44996,99898,34493,30275,20324,15322,30,37
,86498,52659,20579,15546,29250,25132,8576,6827,38,37
,909711,169578,51291,11562,17799,15636,13121,7262,37,40
,1673860,26744,112801,21981,13427,11240,14627,5849,29,63
,2110797,186073,15562,44515,17193,13137,12585,3757,24,57
,24674,16636,9756,13270,19328,9346,3722,3195,41,41
,94768,17650,25265,7690,8422,8218,7001,2117,54,54
,56711,54234,21788,4871,9261,8379,2797,1473,57,56
,78732,11995,12316,24480,4575,8322,1733,3428,51,69
,15429,4769,6776,3046,10850,4843,3599,3071,54,69
,32595,15495,3473,10860,11612,4013,6615,2267,51,61
,13101,13778,14352,9210,4405,6632,2959,1820,56,69
,403057,490048,9033,33542,21818,16451,5247,1841,37,41
,5864,16058,19516,7120,3241,3275,2959,3546,21,50
,12874,6200,5566,30219,3907,6836,5414,3987,23,64
,16269,31936,8676,7122,5946,6435,3227,2223,21,56
,19757,7725,16842,10216,19919,9966,5299,1552,44,78
,8212,9578,7256,8818,8088,8128,2390,2188,60,74
,14179,16929,22316,64813,7867,6440,6180,828,50,75
,323800,53763,13994,10759,12108,2825,2662,924,37,75
,188982,130163,12126,9393,23942,12496,5631,4354,23,56
,50302,22479,9606,3541,5044,1533,2232,258,4,35
,479892,72437,11925,12129,7462,6259,13328,7208,3,48
,38690,77285,15687,13436,1405,5838,2475,1233,1,44
,543187,104570,60936,14421,7726,5207,5715,3036,1,50
,500686,1184170,93319,16564,38821,55222,17821,4977,1,34
,1081130,58948,14116,5538,7229,3691,707,909,1,30
,133475,26168,38436,8881,9384,5187,4146,1730,3,37
,594899,154722,21016,23919,12807,7093,7063,1939,1,34
,139532,41253,37422,11602,5685,5590,1712,520,1,56
,1288412,494755,106204,24320,33108,37961,82192,23749,3,54
,256939,59330,3148,12210,5572,4373,4507,1933,1,38
,256055,14396,1891,626,753,1611,1074,468,11,30
,416588,82128,31944,27585,12927,15007,7668,12577,20,26
,1805540,303829,115122,31414,48903,13074,6477,4522,10,30
,88596,11607,15723,9832,7276,5927,3144,2471,10,40
,77564,48893,24796,36818,11657,26724,4619,2024,20,43
,238239,43903,11466,18522,4382,2931,891,490,21,48
,368006,33528,4624,11034,2653,2672,4483,4557,27,56
,79698,46068,2362,5418,2245,1628,660,253,10,34
,64091,28010,31189,43216,27293,10344,11408,1774,4,44
,301714,86540,20921,11481,19737,10534,5514,5140,11,51
,235388,5502,8037,14922,5355,3265,1941,1605,27,75
,607807,68705,22088,32219,13131,7269,3364,1570,21,69
,550609,14250,1244,3363,3392,626,379,254,21,69
,313727,61093,46438,31904,20444,6179,6481,1986,13,70
,123078,37224,10824,1389,3070,1536,741,1174,1,53
,150927,36323,21321,7716,37844,8344,4496,3250,8,47
,86504,13604,5631,1401,2272,1164,1486,653,7,48
,34440,117371,18641,16376,9125,4517,6826,2584,1,37
,18799,61383,4008,21742,6899,9570,2010,2798,16,38
,50381,16686,10722,24579,12793,7493,1758,1052,17,48
,256097,376308,82835,40661,29449,26157,4390,2844,14,44
poorSignalLevel,delta,theta,lowAlpha,highAlpha,lowBeta,highBeta,lowGamma,highGamma,attention,meditation
poorSignalLevel,delta,theta,lowAlpha,highAlpha,lowBeta,highBeta,lowGamma,highGamma,attention,meditation
,276283,11270,17575,4580,4755,1517,2431,2965,0,0
,93066,19393,10603,3249,6910,2507,1116,1729,0,0
,22804,15201,18254,33485,15935,8637,4299,11234,0,0
,19141,47744,40261,15535,13881,17531,3481,13529,53,40
,24553,26951,25403,30073,9357,16157,2859,10845,67,48
,691478,178372,100233,59429,13101,8678,3477,12848,54,51
,512044,41309,5663,16153,16648,29977,4832,15850,78,34
,101679,82687,12250,51766,25169,14581,10110,19822,66,29
,67122,30362,13467,8433,14973,18419,4510,14498,70,7
,74272,33131,4618,69159,14392,5516,4495,15026,78,23
,51289,11298,29917,41184,19981,10286,4431,10983,61,60
,194039,209367,19448,23376,25089,13084,3242,12584,50,44
,90927,89668,37625,23246,15461,20830,4461,17234,38,56
,602352,78265,63239,49170,33045,10195,8151,16451,40,48
,43052,35710,2032,419,4185,780,324,452,14,10
,43300,25596,15871,10993,4196,7713,4955,12539,30,40
,274850,396477,141825,56319,42332,93804,23226,21128,30,43
,25183,25628,10236,623,3091,3198,815,4898,40,35
,481042,92332,13157,18570,12505,8275,4060,8529,54,54
,33281,77151,20544,43874,7944,7577,4648,19337,40,54
,80787,135123,47698,25705,8843,10411,4785,11948,26,56
,76250,60104,2194,20411,15445,9272,2491,14414,29,54
,153752,15088,11423,40772,10470,9851,7471,17577,40,74
,45460,43994,35718,27884,13241,12526,8961,21776,50,77
,134208,45529,19593,36403,9622,3037,700,3785,41,84
,2451341,90288,12620,26682,23560,9351,2495,2513,37,87
,945773,190087,15899,6061,6276,5177,1280,1941,13,43
,243691,231620,14279,17164,38509,13783,3754,2334,20,17
,640154,109281,55006,41623,36374,44373,12971,11247,34,23
,251661,15807,4879,1667,7913,1502,1067,412,27,21
,1232240,287226,39111,46292,28785,7637,10946,8354,38,43
,393214,66420,50079,39661,16924,13806,6869,10520,26,51
,117657,110023,24377,28295,14745,19326,10983,12160,35,54
,99653,54134,36441,21537,11420,17925,7553,12413,37,64
,1275483,851219,72226,87214,18395,56507,29756,15584,50,60
,133853,6458,4703,4305,7938,4467,1045,2637,64,51
,170693,71239,11057,8235,5898,4879,1875,2887,53,44
,1832814,78376,3868,23100,9988,10715,7758,2068,47,34
,372608,1672,1184,1920,3196,2282,623,1021,77,47
,676954,44366,29607,8281,13671,6553,2231,2315,57,50
,1957516,252320,25445,16408,10885,13866,6105,14842,41,63
,33846,43503,12669,10928,19149,17949,2960,20936,57,54
,103342,47637,5149,11092,8746,4175,954,3465,54,48
,160773,58562,5607,19540,24017,9154,4949,16493,48,29
,128763,149853,3491,4689,4775,1763,1120,4014,37,20
,904956,220588,45188,42873,46201,26855,15368,10621,26,20
,277504,219151,174562,83257,43584,35048,25996,28675,29,23
,563605,337753,86034,58143,135412,37451,34029,16161,29,23
,82915,30226,51933,54993,40600,23498,12237,4890,29,23
,446296,306361,53032,28214,38015,45829,31960,21031,29,23
,1877211,1622532,279716,500541,222736,115821,55890,18419,29,23
,1794689,376123,56927,167975,92464,75687,239762,119429,29,23
,286980,17872,15206,9668,2141,3883,677,309,29,23
,1102926,132898,5172,1426,17260,9890,11035,828,29,23
,2073127,72644,17738,14734,16111,16264,3128,6585,38,26
,893208,220259,71720,70309,112101,30804,7727,8168,38,26
,967506,1025612,96953,140854,156908,145369,70080,87397,38,26
,783696,124531,3859,3657,3448,9774,839,404,38,26
,128358,85178,47400,38575,16778,14406,2419,2033,38,26
,627358,19289,1751,3991,4879,4731,2140,1584,38,26
,207429,26233,9743,1828,2482,4686,1265,463,38,26
,1491480,515900,112778,83988,89783,150909,259227,146016,38,26
,807321,780585,659502,401297,343970,184053,88746,43394,38,26
,386633,28379,14974,7612,7072,8767,1847,807,38,26
,90797,50490,2701,8123,8826,12275,8248,2571,70,38
,980539,60933,78124,62538,22089,26115,66141,8730,75,56
,1916736,277736,43037,130527,83585,86552,48048,30843,88,57
,873547,44021,39259,65339,86629,24553,11202,7079,88,64
,525733,17456,5360,22634,6294,12108,3971,4944,88,64
,631087,79214,19854,12578,23903,8418,4595,2323,88,64
,280053,82342,66892,45117,32317,27576,2879,1982,88,64
,825681,448200,148221,99683,57680,40597,40157,26560,88,64
,1517346,441889,13105,67251,107359,57611,27160,12951,88,64
,436673,29169,31305,13287,5666,7769,1784,5097,88,64
,492177,55733,24761,11018,30077,22221,6237,1823,88,64
,987282,171273,13720,14911,29206,30796,4841,2961,88,64
,1652383,654449,567918,218399,245542,330867,453209,140611,88,64
,147450,241382,65914,91154,170361,900332,424513,292959,88,64
,649596,50948,40818,43497,24680,12341,14882,17381,88,64
,2008202,1042436,71064,57482,102973,33996,6586,13888,88,64
,86593,36446,12909,8811,5191,2746,953,556,88,64
,1,0,0,0,0,2,0,0,88,64
,723,59,29,21,93,58,4,35,0,0
,186588,18446,2181,869,2659,1144,1731,2208,0,0
,192312,52163,2121,4913,6490,1642,1135,2831,0,0
,499395,768181,84497,79275,53230,63163,21096,70418,0,0
,524095,82239,51198,60857,18800,9160,5899,17368,0,0
,3313566,574824,47566,156788,90346,166700,36086,105154,0,0
,1841466,460800,426969,100091,350654,195890,51922,96520,0,0
,132801,148572,37554,79091,50113,61226,17230,27583,0,0
,1149849,176068,7037,24326,41676,17701,12628,24347,0,0
,615147,96548,59067,22787,29279,46723,37490,32555,0,0
,491796,10485,1842,2439,2114,3771,3224,2797,0,0
,303431,360972,352561,389650,169947,202366,417965,140469,0,0
,925597,14623,2393,3594,4989,13245,14038,11107,0,0
,92865,55204,8481,27816,6528,8002,446,96,0,0
,6,0,2,3,0,1,1,0,0,0
,1600537,107257,39780,25248,43738,34098,3075,14214,0,0
,301792,45861,16791,32502,7596,14495,1953,20048,0,0
,2072813,594523,241235,317157,219494,59068,27796,81671,0,0
,905874,121257,175053,54169,54434,92910,123371,48488,0,0
,649140,22126,47742,78504,95195,116882,112795,54201,0,0
,346063,6683,770,676,1022,3027,1522,461,0,0
,2775869,1482774,211295,64769,95735,323851,98253,63767,0,0
,2103801,84281,48831,99694,34906,80491,24864,12801,0,0
,726950,48668,5473,6919,16056,23339,21412,17847,0,0
,1581837,304870,64616,201653,414028,224617,42362,37123,0,0
,570643,21691,6167,4047,1687,1122,422,217,0,0
,808426,207099,50857,84560,142977,122363,88433,31708,0,0
,235308,242332,49008,64767,54559,48173,31577,16511,0,0
,1031158,273819,16544,39879,29806,23835,9801,2783,0,0
,250182,6061,13178,12324,45111,20562,44942,7743,0,0
,627695,1279337,941649,417387,247050,104935,44784,35908,0,0
,839123,200850,211257,72389,208041,116739,51694,45443,0,0
,661716,339002,196073,123256,46806,9030,6913,4180,0,0
,1,2,0,1,2,0,1,0,0,0
,338,93,78,105,95,45,27,40,0,0
,1631396,352432,21710,42410,128142,103432,10330,18731,0,0
,2993798,601506,139648,100938,200064,156700,50863,31849,0,0
,6,4,1,1,0,0,0,0,0,0
,78504,57210,31520,12684,13940,5978,2563,3676,0,0
,333935,84458,13166,46629,19943,13002,5902,6499,0,0
,721026,27948,64642,118267,96869,76923,119503,55882,0,0
,1973637,427398,390392,312450,306544,509566,250051,71916,0,0
,707031,873617,204460,275725,56787,91535,45351,21119,0,0
,1520370,482839,90009,101000,72279,96470,123317,73321,0,0
,3361807,234397,7938,3928,15637,21472,3858,748,0,0
,1415042,241525,224838,175828,124106,85727,39910,10293,0,0
,758946,14748,50,5592,2435,2940,3104,311,0,0
,844433,94085,24346,17032,10536,22290,10832,19355,0,0
,908542,92458,89904,5214,37730,15114,7209,48967,66,78
,742178,82422,31024,14689,4887,7594,2853,51757,40,63
,2106451,111262,6435,41136,14085,4808,6792,53612,8,57
,1052106,162013,66290,40955,53231,56564,30486,48485,11,48
,2079204,285866,24512,50862,59489,88874,43096,40374,38,34
,1230701,959578,392276,252328,102802,101391,44027,191038,48,35
,1399739,415314,56011,111018,28483,17564,8815,51208,48,35
,59697,46420,13742,3316,5941,7255,8539,3464,48,35
,628791,174823,15125,20330,53188,36873,22291,16976,48,20
,1331262,489847,31032,49455,37300,39853,38486,63711,54,4
,663756,148518,74581,12228,12618,21193,2060,64720,75,8
,727359,27126,5301,9865,8624,3152,1423,13765,43,38
,836367,49891,23304,23159,36060,4428,6498,57044,38,53
,846351,179294,148571,11082,8369,20446,13437,60670,29,60
,181448,311492,99344,29818,26582,9714,14411,54271,1,51
,2272838,570727,175799,168865,34063,38364,17183,228749,1,56
,333647,270593,1136,31685,15237,3834,5043,57075,1,40
,2019049,384341,353813,375493,182227,182632,57842,26099,1,40
,632,610,765,874,877,671,233,143,1,40
,59430,48809,3516,6320,14904,13165,6216,1104,1,40
poorSignalLevel,delta,theta,lowAlpha,highAlpha,lowBeta,highBeta,lowGamma,highGamma,attention,meditation
poorSignalLevel,delta,theta,lowAlpha,highAlpha,lowBeta,highBeta,lowGamma,highGamma,attention,meditation
,865104,15005,19015,51516,11322,3526,2218,2880,0,0
,653989,44421,15398,12531,1544,4294,3074,925,0,0
,27221,7302,4852,5711,1545,1592,1262,450,0,0
,58392,58755,42783,10600,31240,6187,4394,5759,0,0
,624784,31853,51523,20544,6677,8573,6594,11065,0,0
,94037,38405,61952,29079,44546,9135,5931,3235,41,43
,67561,85842,16730,23284,34850,15240,14130,6564,64,24
,53107,13786,8361,17157,18856,8354,6606,3965,88,23
,22885,8547,5756,10644,20604,23496,4579,2656,100,10
,21068,3558,4502,13289,10622,10392,7216,3684,100,34
,1629214,519057,24188,25348,38892,25167,7631,4378,60,17
,91070,101343,59299,7644,21996,8085,6006,3518,20,35
,32615,13128,22884,59803,10255,5216,2031,4229,3,50
,64874,49406,2845,4814,2685,5560,911,744,1,34
,86926,57804,13831,6803,3873,12655,6793,5152,1,47
,39403,98619,53553,39394,62105,38759,2229,1194,20,44
,1024401,66710,20992,13811,4642,2681,1616,718,16,23
,976616,25637,17429,13728,11907,17575,5444,6741,37,41
,363958,300380,52131,21288,19247,5019,17009,4901,7,48
,94679,30459,27235,6374,6717,7621,11922,4029,27,56
,27941,35411,36267,14583,8420,8296,9284,3114,17,63
,34527,72453,37686,4541,5000,7497,4129,4189,24,54
,43747,67352,16478,14008,3336,4581,2131,2325,38,60
,40464,17753,17453,12111,7553,6399,4268,3695,40,61
,6459,22361,16092,2521,8458,11808,4349,1686,48,51
,736019,109365,24467,3982,17171,26929,2016,4425,48,51
,1290927,88368,266815,221747,290224,93960,29742,10090,56,60
,39096,70441,18634,11346,5899,6773,3111,5070,60,60
,1273658,129810,59439,34755,16521,9095,10492,2956,60,60
,326975,19734,12439,14229,4243,4522,2963,701,60,60
,1884491,272604,150023,77338,14874,35291,16210,2772,53,56
,1186412,392221,70080,43548,14340,20015,9935,3736,34,50
,27690,13896,9458,42442,8733,5695,8367,5799,26,56
,386686,261429,141278,133506,22207,27866,15033,4552,23,67
,554764,27242,4509,2009,3035,1382,777,984,17,51
,24274,54912,21147,10156,11642,8298,1376,4313,27,57
,495618,286120,20425,132336,14535,37529,16796,6176,27,41
,204692,14831,7763,2452,788,596,1131,1111,21,37
,14520,13314,17874,9214,7192,5535,2784,5106,35,56
,178995,234269,62308,10813,17780,15235,4165,5582,26,51
,16729,12070,23337,7166,6230,8159,1951,2228,51,77
,88654,17919,17612,3869,4863,3224,994,1111,47,74
,116531,19128,1837,5679,2433,2870,1333,2095,53,77
,98860,135137,95935,31312,8810,6860,12401,4125,37,66
,7832,10394,5280,15004,2761,6320,1820,2186,60,41
,149227,11183,14141,12889,19955,9129,5787,2616,67,51
,120914,38330,14820,26407,7144,6191,4748,3983,80,51
,62542,17747,26706,16280,8139,2423,3909,2341,51,81
,775316,195582,14328,22266,6378,4727,10298,2321,27,60
,1962478,73798,70979,120587,75250,75967,6180,3128,27,60
,222795,317146,16287,4033,3299,14356,3128,1714,11,35
,1669345,378778,28569,17646,52269,32877,8153,3891,11,13
,609672,6591,3015,900,2038,2545,402,144,11,13
,121610,9207,2542,639,1713,1174,543,72,11,13
,962302,5669,1580,3719,922,251,51,27,11,13
,545104,133257,124978,152113,55538,13423,12209,13208,10,13
,52641,71871,45347,18211,18480,10669,3747,2281,23,29
,86725,30863,7938,43358,7804,15352,4002,1896,37,57
,1550536,44035,11215,10562,6235,3001,830,707,34,63
,285012,33945,7944,8564,12878,2419,871,386,37,50
,90183,14292,1272,2888,3146,2024,1327,675,41,38
,11923,5464,3040,1587,4821,3687,4038,1791,48,27
,9320,12228,4304,5205,5494,7596,5411,1701,66,37
,9392,2515,1432,3888,5282,5086,5817,3209,91,40
,19899,6474,9979,8465,6640,4088,4251,2696,94,54
,23140,13325,2039,10377,3571,6997,3938,4266,91,60
,27876,23236,19643,13386,10170,9269,3116,1966,84,67
,27217,8604,11810,4763,11164,10881,16115,4310,81,70
,246920,19709,5592,8285,2142,1762,677,232,69,64
,18248,32153,18103,9256,3204,7023,3827,2948,61,66
,23075,14961,15938,10161,14870,7140,4275,1185,60,64
,131824,58401,5984,9211,3512,6311,1866,417,44,53
,28306,6656,15903,16234,8415,8158,4542,6895,57,63
,4647,23464,15422,13005,2555,3888,4318,2306,54,66
,51257,32288,7273,7122,8481,3912,3869,3238,48,60
,19170,1314,610,5104,11197,5189,3755,4383,69,64
,4175,54100,22842,14958,8674,9341,2397,4901,63,54
,18048,42266,4205,9302,11338,5419,4682,4716,64,40
,25225,34419,8165,13806,10865,13107,7085,2238,75,40
,9118,11099,3517,6044,22987,10109,5897,1004,69,37
,8975,3068,11159,5373,28200,6757,4567,1977,81,35
,193675,141154,6688,13804,22383,14828,3610,1515,81,27
,141346,23905,3015,940,4579,9271,975,1003,87,16
,20834,11256,33479,4381,9188,11661,3335,3313,80,34
,75361,45520,7651,6405,1728,3303,2216,465,61,27
,18981,47694,22679,14925,14823,11428,5723,2986,64,43
,2948,8003,9377,9943,5344,7405,4156,1553,61,64
,206341,39958,4591,7197,5988,2669,1436,901,47,48
,123112,24923,2865,2472,3391,1566,2773,632,30,41
,15874,7417,16941,9399,3275,6651,1375,4027,27,44
,11535,42525,33732,23320,8780,12956,9524,3235,50,57
,1304919,532752,60211,17846,22392,14944,14503,2972,43,54
,15951,17099,9061,10966,12012,12980,2076,1663,48,43
,34638,30205,10928,4129,5064,6008,990,1167,48,43
,8324,6463,2678,5803,9243,5697,12601,2543,60,37
,2182,5547,2090,7559,5018,13227,6945,2190,70,40
,21188,5272,1172,4705,3251,7267,4038,1939,90,40
,51616,22840,6029,5932,2483,1950,654,946,69,40
,16005,18984,7700,4805,4168,14016,4230,2217,96,44
,43234,104197,13454,15998,4526,9960,5670,4385,70,38
,66772,12722,3363,6960,6255,7346,5355,6535,63,40
,19870,12716,19019,8084,4789,6175,4164,1594,74,51
,3806,11006,12948,6543,6204,7382,4736,2115,67,60
,8453,5549,6976,9765,11595,5968,4129,3093,81,74
,82231,29260,8428,8524,13839,12133,5073,3699,77,61
,16542,20189,8787,3943,13071,13165,7085,2635,80,50
,93732,47129,29306,47532,11218,17729,8633,1698,74,53
,101570,21088,18168,30992,11696,11596,3659,5723,77,61
,30362,10132,1595,7980,7484,6184,9304,2225,80,64
,18365,5243,28646,17950,4992,21195,5188,2889,81,81
,169569,79172,10055,17260,24095,13152,6652,2740,80,66
,154716,35087,32184,7158,7408,25489,6679,6285,87,57
,60082,13206,798,2410,9260,2950,1030,1118,80,44
,109671,75330,20528,6470,11968,9028,11666,2689,64,27
,620488,275577,15646,52955,20884,26299,8201,10198,57,27
,9737,3819,14061,7444,4638,8140,5110,2627,69,51
,169174,14408,10033,17675,5922,2750,2659,592,66,66
,26831,16296,6542,3085,7696,16390,4092,2191,90,67
,12787,23552,5215,4614,2932,5156,2218,3567,77,61
,785127,31592,44693,7044,13291,14245,7508,6299,69,57
,10378,10165,4188,5086,4005,7473,9241,5185,88,48
,99773,21225,2459,3232,3506,1988,1595,908,66,47
,11350,5833,9166,6443,4813,12444,4700,2126,80,54
,16305,18276,12816,1913,10546,6803,6782,3609,81,48
,13522,12561,5191,11991,6003,10172,3945,4332,80,50
,16363,9166,6299,49057,9148,8551,3170,1476,87,75
,367021,27770,7642,5801,1723,2080,2462,684,61,67
,645036,42474,49849,26828,9137,8821,10978,3019,51,80
,17396,10857,3808,8965,11466,4726,3262,5631,48,78
,12638,9754,2948,8286,8012,9811,8610,6091,60,60
,11614,52026,4599,7199,2350,5942,11618,5038,64,51
,28691,19141,10657,29892,8276,7916,3242,5409,50,44
,14472,11818,19734,7194,4298,5144,1777,4183,41,70
,4424,16963,7976,1502,4671,4569,1919,2618,44,67
,66545,64645,9128,9892,4642,3321,370,342,30,53
,571603,71495,11505,12801,2846,3005,617,584,30,53
,30892,24027,1534,4743,7287,7677,2133,4102,54,44
,10465,12046,10047,33156,8209,6982,5715,2946,53,47
,14724,6397,20827,5827,3284,7037,4576,1584,54,61
,2903,19758,12289,15680,3783,6230,1809,1715,67,74
,10350,2901,14788,6379,13153,8859,1871,3907,70,91
,19622,14023,7373,3287,2357,3350,2890,4528,74,80
,182058,122212,610,8828,2666,8618,1415,648,61,48
,12361,22759,15722,9660,4916,9389,5005,3393,66,43
,104649,331474,40408,57717,91972,117501,38996,13394,61,26
,1168707,54557,14521,6558,5940,2498,1600,809,61,26
,946372,216001,14671,20273,8520,7078,5522,2133,44,13
,87445,66971,6467,8764,2349,2813,1281,1365,38,24
,109933,5095,6406,1246,1436,1947,1026,735,37,27
,17323,49293,37098,94374,47721,7542,4456,2471,16,50
,124719,40546,14410,14728,6896,3769,1540,1527,24,64
,329854,38800,6095,4792,5458,1591,982,321,24,64
,15506,4756,11516,5202,6478,12430,1357,3631,37,64
,38400,119651,30152,7542,8420,26213,3875,4925,51,47
,1706300,246928,105820,53064,9720,30820,13153,4405,54,44
,43913,17033,8205,1812,669,3303,2718,810,67,53
,3551,15559,13173,5571,6953,11207,3437,1252,61,50
poorSignalLevel,delta,theta,lowAlpha,highAlpha,lowBeta,highBeta,lowGamma,highGamma,attention,meditation
poorSignalLevel,delta,theta,lowAlpha,highAlpha,lowBeta,highBeta,lowGamma,highGamma,attention,meditation
,938921,126660,29347,14606,6171,9223,9977,7729,0,0
,421632,125460,6942,7800,9916,6403,6444,3258,0,0
,2002125,71109,49246,19475,25300,26256,32884,9539,0,0
,158743,79966,5986,22394,3868,7042,4095,947,37,43
,712403,76117,2520,14092,11696,24595,20620,19721,54,41
,1768361,148330,127985,13715,13356,15231,21606,3724,50,57
,652950,23730,5344,7923,2712,3800,6204,3714,53,66
,75082,45075,17542,34234,10006,29190,30077,6315,78,75
,16106,11521,1617,937,1219,1390,1071,157,63,77
,3255,24707,5427,4856,14970,17090,17793,6947,91,57
,133099,138183,26810,50603,59239,30578,31843,11833,93,56
,106400,67783,13255,18047,2675,9344,2571,1656,74,51
,1530147,31336,47175,14129,6477,17917,6448,2395,80,74
,47605,8912,11683,4100,3626,3655,2392,729,63,93
,15562,12696,8883,9536,3012,17067,12218,7411,81,97
,4607,32683,7426,12347,11341,21623,13722,2232,100,93
,10293,12115,5719,14099,5755,17180,10874,3344,100,84
,564771,19305,11853,13038,7642,31468,9809,5526,100,53
,34159,27710,23858,22457,12955,18986,13736,5069,93,66
,22323,30791,12670,9348,4370,17843,10718,3794,84,63
,10226,14723,1952,6446,13110,18416,10596,6986,100,70
,957041,123786,21944,8397,5657,16493,12629,7268,74,41
,237026,30511,23668,20874,32519,39042,5436,16267,78,41
,3880708,339927,79316,30847,29766,25677,16770,5583,48,47
,21313,6178,3885,6985,9352,9833,13883,7036,74,60
,3920,12192,8451,14308,5182,7093,9363,2952,81,77
,77997,10976,8836,3299,1869,2109,2525,2015,53,87
,6809,22577,10165,10258,10194,5421,6863,6181,35,93
,162631,7034,2691,8132,2886,2106,1092,1584,29,91
,30146,26655,5493,13141,3230,6575,5832,9199,47,94
,196426,96291,58466,59682,15249,22949,6711,4668,48,96
,9040,20099,3717,5773,11755,18867,4275,2363,77,70
,14225,14645,5120,11187,7860,8308,14423,12013,84,70
,4539,12122,13607,17504,8657,6174,10340,3125,88,75
,2445,13080,9519,14328,4452,8011,5059,2760,66,100
,455407,288315,45590,31865,12464,15358,10986,5576,43,100
,51283,24812,14561,4704,6808,19028,7580,6059,56,88
,506078,39681,54855,2358,18209,18775,10706,7124,63,81
,14161,12234,17061,7516,5906,8565,6223,9231,90,81
,61022,17547,9409,18746,5492,20639,21973,4397,97,81
,7547,4988,9935,8997,5066,18115,4286,3922,100,93
,583701,188605,24827,32413,21054,14357,10009,2218,84,88
,32139,13288,2506,2492,1488,1020,494,124,66,75
,72635,5520,19447,9596,8777,6951,9030,7820,47,70
,19108,2746,1017,1531,6899,2843,1201,572,74,67
,8434,15563,10690,9751,8365,8053,7779,2139,91,81
,25782,9900,4957,7627,5811,5885,7897,4546,83,94
,352308,19453,5611,7591,4129,8746,2880,1800,80,94
,1245784,186874,40120,18034,6582,11011,5889,2500,60,84
,185301,243357,43753,23345,7842,15898,9404,11601,29,60
,114710,15422,2012,12210,10429,6202,3294,1875,26,61
,960031,70604,43002,18843,18534,21373,7545,8716,41,69
,51107,70452,13463,11496,32310,18492,7757,9415,53,57
,315861,16905,13208,3673,4548,26561,10429,5444,84,64
,49698,13895,2373,498,1582,2838,2496,2805,81,53
,185264,53424,70218,42806,35576,41346,6976,9837,88,56
,521774,32873,25692,6543,20833,14785,13358,4028,88,66
,378667,26945,21885,23616,11624,22526,4687,3903,78,75
,176013,3080,4224,542,2864,8617,2187,2072,96,83
,72203,12063,11866,11666,4605,14677,3816,4966,97,81
,1331018,176668,6627,178919,35102,23012,10722,7093,81,88
,1159639,318711,73233,8196,16992,26386,12726,7069,43,74
,227024,81974,10195,16552,8107,3866,5034,2226,16,61
,47959,15512,17118,3692,7589,8734,15817,5503,30,60
,32760,13378,2701,3606,7934,16051,11388,3884,48,51
,18709,17949,5626,10634,5693,12802,7407,3826,66,60
,19262,23077,9493,9945,14482,12051,5128,2598,88,63
,557850,21908,7373,6431,5941,3343,1112,576,70,80
,621593,51610,7846,7418,12668,21171,7167,13572,69,67
,142249,45017,3191,4467,3750,3612,2777,2315,56,56
,1685212,38776,28383,11092,7723,10800,8992,7583,43,53
,261542,205614,32378,26553,13252,12478,9747,1729,35,47
,249163,31992,2796,2182,2707,4132,2789,1685,23,41
,28052,4876,1465,5743,2982,4281,2166,1412,41,60
,21150,25289,3501,12812,3612,11601,8675,2446,50,53
,14696,13043,12282,11176,11382,20076,16982,3727,77,63
,14315,12344,7017,9808,10796,6839,6300,4881,84,81
,14057,25853,1703,4290,3826,3976,1041,936,70,64
,388280,101104,54674,125965,76906,28583,16980,6047,61,75
,192318,132912,112382,54365,33991,47300,12463,4692,35,77
,93070,93820,9941,6600,27683,10712,7262,8743,23,63
,490575,63322,36190,16883,11588,7895,25147,6373,21,64
,32483,22176,7873,11524,3026,6479,3597,1164,34,69
,45811,30964,10455,1282,7009,12004,4596,1876,44,78
,14301,8247,7523,6405,16778,10084,7584,4078,57,69
,22927,14767,682,1655,15636,10078,6871,1284,81,43
,20436,12395,16782,3986,6036,8989,5447,2615,87,47
,17332,17858,6865,5465,4233,10179,3375,4373,90,51
,1363392,173514,59997,24950,16664,25883,17668,5461,70,51
,20583,4884,28891,24668,17579,11583,2722,1915,60,91
,73868,46508,19732,6237,8557,5558,5581,1486,47,83
,400034,10872,1737,4440,2528,1991,393,396,37,83
,14335,30653,8928,6807,6037,15276,2527,2804,50,81
,190016,83212,3158,9641,6362,10450,2581,1493,43,51
,311327,61871,5977,15997,17139,20113,21134,5766,57,40
,492158,29096,18162,2741,2622,3796,3123,1046,41,47
,2495850,142967,44150,15905,25476,16315,6281,7603,38,57
,82462,27508,10306,39160,26910,13897,6897,4315,41,67
,105153,21015,16740,6050,20389,15378,7530,6260,47,77
,593904,123936,30314,54185,23754,16643,22517,11421,69,81
,684940,128071,5722,16686,8573,3579,10733,2970,47,63
,867318,89185,77447,7811,24259,9202,16784,5595,1,64
,617457,102431,81935,49643,25675,6874,12232,9542,16,84
,1002735,101252,31521,26859,19598,13274,8635,6862,20,84
,88690,8522,3282,16936,3516,7376,2321,1339,37,90
,1583119,967302,420903,221498,227277,136070,66444,26821,23,91
,418914,31606,5120,3694,1808,1247,762,416,23,91
,251821,96418,12103,11156,5404,9113,2135,1738,35,74
,404199,57137,35738,24908,8422,17307,13308,5487,41,78
,138827,23894,3899,7310,5501,5657,3632,776,37,64
,335997,199567,29108,36545,15055,16987,11480,1893,34,57
,781314,56712,14343,4558,3612,6699,1927,1840,35,61
,202162,64367,2653,5742,2372,4895,5581,2448,26,41
,860597,32053,14131,18123,14237,7434,3855,4295,26,41
,396942,54282,4821,8750,8355,13213,4186,1690,26,35
,281427,5271,2927,2244,1461,1587,1978,343,37,43
,613893,49123,10959,37738,6441,9594,4828,3729,38,54
,1007146,243871,8446,5532,12631,12897,14928,6006,35,43
,596553,16582,4180,5040,9114,3388,4945,3446,30,51
,215989,67014,32359,23544,21926,20495,13643,10038,30,48
,226538,32398,5352,2481,7200,5234,3798,521,35,34
,15412,8550,2358,2327,1266,2686,4315,1278,51,57
,936992,66777,40235,1978,6627,7159,4703,651,48,63
,439032,62826,57194,25567,19838,31652,10156,4404,54,80
,147843,20493,15888,3887,6204,6370,1895,2796,21,66
,741536,74012,25253,17967,10112,16626,11574,6313,16,60
,1524541,460134,55567,88113,16233,83331,72334,32011,37,61
,1280021,719072,220136,186075,79359,52143,42802,38173,35,67
,234722,57206,17753,11980,6399,6736,5232,1372,27,64
,204388,60264,15457,3541,3861,5668,9350,2280,20,60
,1052485,119646,60280,22232,20327,15037,5575,4254,13,69
,14033,9861,1513,1459,1602,889,1015,316,17,60
,64543,19224,5079,9078,4709,3826,1806,1682,20,63
,87452,90919,17519,26407,13128,12995,8558,5445,23,64
,27351,41727,9424,7798,11416,10688,5943,2264,41,75
,74248,46260,18521,4073,14686,9161,11029,2687,43,69
,151451,75811,3437,13037,21970,9211,4020,1949,43,60
,324320,11222,6737,6618,8910,15934,6612,1915,60,50
,1599418,135410,142760,45572,40024,31407,20387,10613,53,63
,990819,58202,56912,17224,30007,16257,3415,4727,51,80
,740808,25014,1570,4659,4019,2368,743,468,27,70
,109874,51256,14631,22940,23801,10729,6176,7097,29,63
,529469,149630,98923,18053,22529,11483,12392,3657,21,75
,213767,72996,37464,19003,20204,8449,11080,2524,16,69
,879554,59121,27290,26945,15778,11381,8587,2800,20,84
,44176,4893,4276,7274,3786,3262,1268,542,23,93
,30224,11489,3929,13861,12513,9282,5867,4099,47,90
,1555144,477367,146139,20134,65006,21806,16869,5078,38,83
,783694,86247,53283,30431,16307,8522,2650,1361,30,84
,332489,76427,18370,123762,10713,10912,6875,2602,16,90
,167323,16482,4816,3880,3921,3351,623,1414,8,88
,219827,18896,766,3697,3499,3386,1694,748,23,81
,47654,133821,8325,25776,7092,4243,1985,1704,16,67
poorSignalLevel,delta,theta,lowAlpha,highAlpha,lowBeta,highBeta,lowGamma,highGamma,attention,meditation
poorSignalLevel,delta,theta,lowAlpha,highAlpha,lowBeta,highBeta,lowGamma,highGamma,attention,meditation
poorSignalLevel,delta,theta,lowAlpha,highAlpha,lowBeta,highBeta,lowGamma,highGamma,attention,meditation
,267658,326087,77861,21664,34346,17116,14380,13050,0,0
,1219337,104130,26126,15670,17248,10458,1784,1805,0,0
,238642,13278,3114,1925,1661,2174,726,299,0,0
,27558,4003,4729,3566,1507,6119,8232,3440,53,51
,344798,67245,2742,5962,3650,3860,3084,1873,47,34
,132111,17581,5350,5263,2656,3983,1620,1468,48,40
,13756,17604,5197,5976,8233,25988,3389,3837,67,30
,5982,19849,3334,7758,8418,12083,4896,4063,66,14
,5481,24898,9119,3271,13476,13150,6376,3536,83,27
,759116,244205,48581,39775,18044,14041,5606,2280,70,20
,67609,44188,10643,21727,12443,12813,13979,6366,56,34
,127350,36498,29096,15822,34511,44031,13361,6441,77,67
,754664,33474,12084,9984,4905,2260,769,821,64,70
,59139,8765,7189,4851,2802,4623,2685,935,61,70
,761472,163776,38029,103256,37615,50104,19481,15013,56,69
,293658,21641,4688,6702,8319,4853,987,662,43,67
,1673171,1074830,42689,130492,34835,47890,57780,20749,43,44
,142054,76931,5853,10140,20109,24572,27421,6905,43,16
,343653,10997,19453,18132,12984,15649,15567,9166,51,27
,38511,44565,27424,26581,23855,19178,14123,3398,54,40
,125050,22169,1619,1747,2464,6703,3773,4643,74,35
,103704,94417,11836,22104,6214,4423,2823,481,54,53
,116071,18399,1782,3715,3548,8109,2262,2984,54,24
,13584,11857,15998,41707,39545,8704,8196,1437,50,34
,247895,7639,4561,1427,1013,771,629,512,37,63
,137067,44140,10110,5599,7112,4649,1697,1967,43,60
,41729,54362,49258,14893,18549,19092,8878,9994,37,83
,243065,14590,28625,12104,7290,5696,6740,1595,27,57
,261294,47590,19197,5197,16852,39501,13882,7314,44,53
,1764140,340325,66103,13482,12186,55280,27367,25294,43,30
,257067,59247,15133,11887,10392,5074,14009,4559,51,53
,263020,61740,10388,7302,8513,9766,18432,2826,40,17
,257043,99380,10715,4250,9660,19368,31303,15271,41,10
,1397781,94989,10029,13199,24506,32776,27902,5681,56,1
,19275,37152,46765,13583,7526,25348,13638,11228,63,23
,62734,11108,3628,2191,2108,19059,7103,2785,83,20
,1013431,391573,32792,54595,90393,42235,67136,16543,78,24
,746871,302511,21152,9114,29821,48861,46191,16309,69,17
,1106996,304663,38834,11633,4799,24422,28096,16954,57,1
,1392573,1141728,48092,36437,42656,22956,25331,14903,20,1
,272477,142397,26544,8575,11603,8998,4773,3334,14,1
,1514567,72969,97023,14803,29571,26299,40269,19879,14,26
,867431,21653,63652,36567,11363,32958,6715,11596,27,60
,2267252,129542,22425,17234,7647,29147,24253,6667,50,77
,122440,35409,1362,1742,2188,1531,1931,800,43,44
,124746,65428,30113,31715,5057,11602,12623,3047,30,38
,49006,20278,4604,2958,2161,3553,4931,1123,27,41
,473758,42116,41538,10027,8287,25513,9360,3127,38,54
,953071,300943,7634,33206,12027,34632,31158,6763,48,60
,7439,13858,7836,7014,15667,34953,20743,5662,70,43
,1048975,66845,21336,54864,18945,35956,22050,5645,78,53
,389286,12951,1394,1784,2680,3115,1549,1294,75,34
,541796,428287,42553,42343,23798,10431,20320,9301,60,40
,29420,9325,3182,3358,780,3207,1794,970,43,50
,232714,117758,44675,24043,10583,31734,10589,1810,50,61
,86348,107877,41456,18123,17834,11630,14083,6807,61,74
,690956,116663,4410,26867,13431,23836,13888,11619,47,50
,1111765,613533,42066,56860,14685,43338,38365,27963,37,34
,589483,286046,43873,54993,87592,71194,75854,15304,47,24
,612835,251902,38868,162591,20928,45369,62771,21889,43,41
,1591999,24227,19773,8091,5860,3272,804,582,43,41
,970505,100959,9687,9658,7250,5900,13605,2591,30,43
,863961,99063,14862,8723,27775,10591,13845,2722,24,38
,750191,295002,63213,43329,23141,18004,20933,6133,16,27
,17932,80375,12106,3821,1068,3077,3348,576,11,27
,1694217,4100,7105,13879,6249,8327,6231,2225,29,53
,914852,168165,16798,43642,15331,56065,45306,26525,40,60
,196483,11483,8992,2782,2998,9127,5922,3568,60,66
,701564,56992,22112,22236,31283,13570,29950,7951,74,77
,211342,51565,7750,1979,3016,2285,1731,967,51,51
,91434,3949,4338,813,1287,2618,1734,1839,53,64
,28586,20740,4365,5286,10918,10887,11185,3245,53,53
,857452,298826,245563,26042,17904,68525,35087,38143,51,61
,2269942,271189,209420,62714,29755,48043,26678,13809,60,84
,67880,25152,4679,3812,4095,7725,4835,2085,56,69
,1734823,99554,22133,86559,66333,26061,25546,6793,47,83
,93424,6234,1438,5229,2320,5782,5112,844,57,75
,48034,9859,3429,12160,5162,8253,4145,978,74,74
,11992,25743,9699,11664,4310,12812,4120,3030,75,83
,185207,40084,73828,39756,10658,18151,14397,3974,74,94
,1152372,86661,14470,49025,7988,39648,21688,7659,67,93
,1373078,242527,22731,30826,22146,35716,41430,5760,57,74
,83855,17020,1811,2362,8625,3033,3384,1902,51,56
,5983,22056,5138,5574,4509,7709,4073,3717,57,34
,279371,132505,110684,79505,38154,11113,21189,19109,40,44
,266708,98669,5159,20427,2683,5703,6420,5241,29,48
,28863,25483,5982,7670,6079,3908,4260,1087,27,60
,253228,59873,7465,5855,8840,43660,27369,10503,37,48
,1123880,95788,20330,26660,14741,30759,8982,3558,54,34
,182117,46031,19849,10031,5190,3802,5628,1519,54,44
,929889,225062,50666,40670,29561,17184,21610,20776,48,43
,959191,157915,7633,4202,29545,35498,31129,16665,40,35
,57177,126640,14534,26836,41614,18258,22673,10982,30,34
,58700,54104,3720,11937,6542,34731,27461,8479,53,20
,12774,17696,10566,9549,11347,11783,11935,8062,69,27
,85419,12229,9089,5563,3021,6384,3599,1700,69,60
,181499,41526,2586,1791,1779,6383,2427,929,74,48
,464223,434600,29451,49135,37835,24647,21976,9893,51,47
,219731,201106,9274,24975,27623,24389,24659,11656,40,29
,346894,14518,1622,1184,20079,7416,8045,1475,47,1
,36747,14920,16073,16026,6111,29118,23112,12960,60,24
,2316010,287079,9264,46477,39297,32092,19743,7076,66,24
,89019,76361,13406,14687,10966,20303,36291,5596,63,44
,1862350,81470,17581,52639,2396,9795,20795,1770,41,47
,854097,201640,8735,12404,8647,14196,18712,6050,37,40
,433790,80307,6180,10391,8313,7647,5203,7418,30,43
,1684443,492123,43412,88114,116180,55171,40421,47136,24,41
,1672490,483632,75681,90092,26314,35778,74739,28706,24,27
,14215,8183,17393,8654,7514,20177,14949,8088,44,53
,4144,14048,19420,11649,16664,17076,10408,6165,57,69
,9805,11145,7485,5524,4275,27381,13984,8625,83,75
,1090200,491602,72747,25368,28681,60006,44179,9450,88,66
,478199,225020,47760,13833,5159,9160,7955,2687,63,54
,469913,49309,6241,10741,36071,19578,18068,4800,60,38
,75910,30622,28388,7621,12120,23045,18363,11743,48,47
,487720,69198,28277,26265,14790,34831,24965,6776,67,53
,102150,59324,9208,11617,9425,7644,5253,1901,57,57
,634217,270122,33575,8312,11253,28469,25118,25497,56,53
,578384,24072,6852,3100,3896,3685,4605,1567,44,47
,1310857,188259,9880,33753,36533,26726,27770,13244,43,35
,572985,439237,32771,42159,55493,17151,17263,9375,30,38
,397222,64801,20923,5892,25475,26410,20828,9165,35,35
,1198577,217690,150981,93985,45018,15244,17827,9040,23,54
,1100242,413705,36217,82362,11804,40468,28348,18335,21,51
,1246563,791355,30682,53639,21754,25140,31312,8836,20,48
,153676,193522,20530,26131,12505,18940,19026,6563,10,47
,397638,54126,13934,14168,37996,44015,15374,5122,35,27
,248287,85868,14504,6899,16850,33007,10437,13521,50,21
,22986,15692,13692,11731,12646,33230,15579,3150,80,38
,88170,92144,13182,13483,15003,53557,12522,7517,96,35
,150491,8679,1938,2255,6378,3350,1944,806,91,38
,6961,7094,2041,1405,17895,10676,16985,6285,100,34
,5028,5763,1731,1518,11372,26933,7207,14508,100,11
,138114,22989,1013,1698,2034,7394,3073,1983,96,3
,232628,156185,5667,2462,6116,8879,5878,2001,80,1
,124050,27557,12246,7336,7530,8321,2854,534,61,3
,45030,58377,17063,12482,18603,7729,6953,1875,38,48
,139833,108196,90117,35315,21426,30003,41654,5884,44,83
,131402,6029,687,639,1912,1581,2394,1091,44,67
,1274809,135337,11227,43364,7516,10705,31617,3355,27,60
,131162,127904,62108,20794,17172,28908,13558,9761,30,64
,363388,84101,19557,4472,8002,7506,4312,6150,26,48
,14406,10441,6156,6132,20349,17806,6505,13507,37,56
,22078,40106,428,14493,6176,23530,25627,8191,53,51
,527902,436632,98926,45909,39834,31319,19375,5261,44,43
,212484,17623,3344,3503,4989,9251,3881,861,57,43
,305246,116059,57777,14814,21042,20105,17369,4045,43,48
,868297,104249,10297,15236,19490,26398,22729,7131,38,47
,12513,17164,15346,12328,8742,25735,7207,4023,47,63
,10060,5425,6942,5921,6531,16819,9348,3933,63,63
poorSignalLevel,delta,theta,lowAlpha,highAlpha,lowBeta,highBeta,lowGamma,highGamma,attention,meditation
,571737,544250,56623,90327,35283,78835,7719,6143,0,0
,871131,325094,53764,45111,76708,28394,28463,5648,0,0
,866747,108735,53737,72482,26349,35980,27173,13443,0,0
,10165,2520,23061,20490,20159,17923,15704,8405,0,0
,12326,4313,2799,15479,13192,26287,13677,8419,51,40
,32408,32210,9894,3664,12973,27447,12210,8393,53,14
,311805,20840,29695,9753,12565,14989,18021,29649,54,26
,130975,90754,13749,9109,5665,21767,16149,15429,41,21
,35328,14130,4989,4234,11197,17116,10545,6275,57,35
,2195587,401379,23587,13432,9608,20958,19741,5329,40,26
,18933,23582,1860,12913,18542,7393,6405,3320,38,13
,8593,17044,14905,6595,6809,18160,6503,4831,44,24
,3411,12894,30560,4505,12571,6246,4193,6225,30,43
,404010,39463,10487,5769,8472,3722,1098,972,35,60
,13031,10176,10811,5090,15308,14175,10638,4013,41,63
,1252462,179560,27840,18684,17642,24914,14390,6198,30,53
,1438074,129678,14287,11085,45775,29551,3381,4124,30,53
,1161708,33101,10738,14608,3803,3762,1585,1672,26,47
,2188525,184765,17635,69081,18407,31721,12746,9637,29,48
,920825,84083,4238,15248,7943,5977,11145,6747,13,40
,644929,72331,10835,4698,4656,8921,4049,2401,11,38
,852163,128844,61907,129643,14840,21820,20173,14654,13,44
,1474539,514975,26572,15800,24624,72666,47681,12165,13,24
,1281576,199213,274273,276991,45799,63518,81979,44303,16,51
,3164656,234756,11708,53335,62529,25864,19946,8375,14,51
,1594829,637407,24616,13899,22477,45098,55342,13884,14,17
,1765077,769086,66490,70617,77696,26198,17390,4300,3,29
,1428511,400680,19327,46737,126272,54773,23301,6669,7,1
,341075,134377,1178,6518,13824,16442,5129,2232,8,1
,125352,16248,3480,1114,2569,3316,1329,608,14,1
,377041,21736,13435,3090,8744,5591,3493,844,26,16
,976116,355878,58380,13654,82840,32126,24244,13836,23,20
,1629670,119335,54918,64464,17632,42780,21088,6484,26,48
,1506569,277295,113609,59844,23674,14688,18950,23219,16,54
,1970,5679,10220,4289,13568,15059,6102,2050,34,66
,56933,149736,69300,29341,28103,14261,7279,19071,24,63
,208760,72515,23375,7558,7984,4280,1227,1643,14,64
,86055,49891,8908,27280,11607,19364,9474,7804,27,63
,4288,5820,5190,2420,3395,6779,5020,6624,24,63
,6392,9117,11680,2539,8308,11732,10300,1915,41,61
,347739,434626,40483,40899,21089,17443,13885,11353,40,53
,53490,16190,5216,4563,2111,5114,1872,1138,38,51
,197439,93432,44408,21040,8696,3569,3310,944,14,54
,1058928,164052,102844,32853,53607,21085,14801,13826,1,57
,333644,32699,2014,6297,2369,2605,3089,697,4,61
,343531,13872,3623,2105,1219,2018,3580,720,1,57
,596656,119985,105610,32315,50265,28971,21246,10813,13,60
,483833,132028,24825,12745,35636,32868,46059,7442,21,48
,63692,68954,68293,27139,11467,21544,11317,12527,26,63
,1478805,249740,18894,23433,6901,21754,30344,10174,24,54
,706845,96250,15080,45733,33186,35810,25332,2542,29,47
,196816,54105,17668,1940,7807,7362,10800,11479,23,50
,659545,114120,82526,48692,24731,35646,27286,10242,24,50
,852426,1452950,130912,382063,16216,193099,178721,32512,27,57
,1280767,144229,113552,68827,50531,51108,95104,44474,24,66
,2994789,990818,170753,41979,79263,36379,90273,53929,14,61
,1191100,979700,485275,284077,282622,91836,94289,53639,8,56
,318244,15347,11564,21915,1927,11502,8514,3605,8,56
,368429,222666,26751,13261,9185,22463,16275,5972,1,50
,644346,271139,29169,21108,27740,10324,8632,4072,1,48
,326322,373971,27135,22298,63917,21580,52664,15299,4,21
,1182561,112835,51626,43935,3258,25406,12750,6128,4,21
,128636,30217,5136,2601,2193,1579,1861,660,3,34
,165260,211253,16742,31097,29949,19573,17786,8628,1,24
,263917,74423,8156,10075,4681,7423,6833,2389,1,30
,122274,10457,6839,4668,6227,8467,3130,1529,20,37
,34197,28062,2042,9621,12338,14554,16421,3561,38,37
,187367,54770,6719,9687,25979,10551,12384,6125,43,37
,23161,4940,4127,13163,19526,12222,6534,2109,57,47
,10528,12445,13180,20251,13987,8800,4999,3025,51,54
,87185,89886,7172,15504,11325,6150,1439,511,37,54
,478683,60124,2610,16006,11623,15073,7868,2799,40,56
,23124,13143,2424,3534,10270,4901,8013,6975,34,47
,1350562,105500,49729,6446,4848,7947,15412,4105,23,38
,832949,30825,22001,14259,10926,11666,5135,3262,30,51
,15763,42096,6896,17091,4127,6356,4351,4362,24,60
,21293,5538,22447,5876,12688,13627,10113,1362,27,75
,17267,8489,11091,12269,9475,11436,6224,13654,43,80
,7607,43288,21872,14688,22881,13436,6427,2718,43,77
,7609,8501,8917,10560,7522,8010,6145,5815,53,83
,352026,304784,7518,40262,28713,14234,9738,5805,37,63
,34283,15042,14629,16761,11019,16390,11178,2740,37,63
,5752,20860,10663,13927,13101,15508,4372,2339,41,63
,9017,3312,3821,2954,11840,15068,10310,5011,54,50
,8302,21292,24822,14332,8735,4882,15332,2925,60,70
,183655,97673,4362,29166,4655,18743,6102,3399,38,54
,301726,21283,2728,10702,13132,7762,10506,13030,24,60
,360623,17590,22276,40506,12942,19979,13574,3425,34,61
,64850,19627,3461,14401,9497,8339,2440,4108,43,66
,3967,16450,1218,8739,14482,24409,3942,3598,57,61
,289052,70310,11341,14192,5463,8168,1485,1018,50,60
,42127,21051,1416,2207,1418,1892,4672,1227,40,37
,40662,17791,14473,2449,5878,12313,7760,1133,43,38
,2066316,289225,553212,619327,155563,218595,146365,92837,27,63
,136235,25417,36562,23236,24659,10807,24766,19370,34,83
,1534528,175412,174341,44595,27971,28206,16004,9131,20,90
,949075,359200,61679,22058,16692,13575,19585,24725,13,87
,261331,18947,34618,3895,4611,3289,3571,1216,4,84
,416264,82945,10403,5131,6634,7784,3518,1767,1,64
,669751,393525,11743,11355,16744,21469,6555,10133,1,35
,647052,59734,14741,37232,29918,15381,4414,7825,11,43
,31247,19830,18199,4223,7672,4793,4678,2340,17,35
,1148,21633,9885,19831,21331,15057,10134,4136,27,47
,450355,23519,7358,11740,3284,1646,480,712,24,75
,365167,101045,18769,21439,32254,11863,12266,6920,20,67
,902961,132164,51373,8293,7739,9534,18293,3462,14,61
,869522,255268,109547,12760,21671,5919,14880,7596,1,60
,150090,18457,22580,6483,11230,2384,10414,2150,1,63
,463910,86521,27684,27957,33661,24738,21958,6107,10,64
,296562,126968,118014,59989,5727,37498,39296,12271,10,64
,572658,46166,34144,48486,39078,15145,16935,17480,10,64
,1130944,329958,93284,98648,101819,196109,122183,53766,10,64
,2223568,577847,250088,154619,359911,580308,475018,225134,10,64
,573961,343535,100160,153642,55472,99560,100568,48667,0,0
,1102737,1916483,138188,758322,121519,199602,126089,57870,0,0
,840711,208151,96089,249832,162714,161540,28518,57043,0,0
,691116,1318482,604628,366305,1055288,416194,197663,129426,0,0
,142493,137558,29447,22624,97193,44148,23126,41438,0,0
,2080386,254446,133072,148648,292737,231543,66968,76840,0,0
,1479180,1232417,422082,103686,333254,289584,151285,154325,0,0
,958747,508758,199557,238577,119684,261592,56230,30500,0,0
,524301,171245,349733,128413,42067,69235,56767,93608,0,0
,124910,218516,55089,64151,31961,65359,59534,55667,0,0
,552663,279273,99673,445098,243542,162358,161464,82094,0,0
,1307969,479840,69258,333892,134208,328085,158040,110655,0,0
,1888563,381160,398224,68120,328729,301246,123276,69722,0,0
,1562531,301460,157445,294662,72583,167464,69851,30778,0,0
,233517,97052,19065,13412,11072,25128,25695,10386,0,0
,1187902,541785,433563,385913,210095,198916,106467,135046,0,0
,1657274,958651,193926,340933,623862,168656,226313,241799,0,0
,76426,670316,1320,19044,70512,64513,47541,26815,0,0
,853697,174566,20646,67244,54466,45958,58861,81577,0,0
,376662,511269,68012,75622,142899,214972,104169,61524,0,0
,173531,59643,88003,45975,19896,13367,12555,6904,0,0
,1542814,1219439,256410,323990,251052,411096,616676,598424,0,0
,557819,427687,266521,309347,144042,91051,128746,244804,0,0
,826466,374666,198519,53977,44732,84458,22632,15324,0,0
,1253664,1117627,392794,444279,29047,95854,48624,36480,0,0
,632458,538330,208036,173255,114105,72452,47275,63986,0,0
,1890175,379859,233714,626936,718829,259416,575678,441898,0,0
,492323,427409,170157,239526,96961,91004,110688,211641,0,0
,223192,223825,228474,82444,122853,71026,67453,73815,0,0
,476730,314589,39981,41632,39145,139811,82597,51160,0,0
,160259,498964,157514,52092,240091,87747,282183,166914,0,0
,1529361,1186651,533981,157959,300228,465685,170976,212646,0,0
,391146,147353,61817,103101,91622,255375,126625,67204,0,0
poorSignalLevel,delta,theta,lowAlpha,highAlpha,lowBeta,highBeta,lowGamma,highGamma,attention,meditation
poorSignalLevel,delta,theta,lowAlpha,highAlpha,lowBeta,highBeta,lowGamma,highGamma,attention,meditation
poorSignalLevel,delta,theta,lowAlpha,highAlpha,lowBeta,highBeta,lowGamma,highGamma,attention,meditation
poorSignalLevel,delta,theta,lowAlpha,highAlpha,lowBeta,highBeta,lowGamma,highGamma,attention,meditation
poorSignalLevel,delta,theta,lowAlpha,highAlpha,lowBeta,highBeta,lowGamma,highGamma,attention,meditation
poorSignalLevel,delta,theta,lowAlpha,highAlpha,lowBeta,highBeta,lowGamma,highGamma,attention,meditation
